date,sentiment,preds,negative,neutral,positive
2013-09-27,0.0,,0.0,1.0,0.0
2013-11-27,0.0,,0.0,1.0,0.0
2014-05-14,0.0,,0.0,1.0,0.0
2014-09-18,0.0,,0.0,1.0,0.0
2014-09-25,0.0,,0.0,1.0,0.0
2014-09-27,0.0,,0.0,1.0,0.0
2014-10-14,0.0,,0.0,1.0,0.0
2015-03-23,0.0,,0.0,1.0,0.0
2015-05-18,0.0,,0.0,1.0,0.0
2015-07-09,0.0,,0.0,1.0,0.0
2015-08-07,0.0,,0.0,1.0,0.0
2015-08-14,0.0,,0.0,1.0,0.0
2015-08-24,0.0,,0.0,1.0,0.0
2015-10-12,0.0,,0.0,1.0,0.0
2015-10-14,0.0,,0.0,1.0,0.0
2015-10-19,0.0,,0.0,1.0,0.0
2015-10-31,0.0,,0.0,1.0,0.0
2015-11-12,0.0,,0.0,1.0,0.0
2015-11-27,0.0,,0.0,1.0,0.0
2015-11-30,0.0,,0.0,1.0,0.0
2015-12-08,0.0,,0.0,1.0,0.0
2015-12-11,0.0,,0.0,1.0,0.0
2015-12-15,0.0,,0.0,1.0,0.0
2015-12-18,0.0,,0.0,1.0,0.0
2015-12-19,0.0,,0.0,1.0,0.0
2015-12-20,0.0,,0.0,1.0,0.0
2015-12-30,0.0,,0.0,1.0,0.0
2016-01-05,0.0,,0.0,1.0,0.0
2016-03-08,0.0,,0.0,1.0,0.0
2016-03-11,0.0,,0.0,1.0,0.0
2016-03-17,0.0,,0.0,1.0,0.0
2016-03-21,0.5,,0.0,0.5,0.5
2016-03-23,0.0,,0.0,1.0,0.0
2016-03-24,0.0,,0.0,1.0,0.0
2016-04-13,0.0,,0.0,1.0,0.0
2016-04-14,0.0,,0.0,1.0,0.0
2016-04-15,0.0,,0.0,1.0,0.0
2016-04-19,0.0,,0.0,1.0,0.0
2016-04-24,0.0,,0.0,1.0,0.0
2016-05-05,0.0,,0.0,1.0,0.0
2016-05-10,0.0,,0.0,1.0,0.0
2016-05-24,0.0,,0.0,1.0,0.0
2016-06-01,0.0,,0.0,1.0,0.0
2016-06-07,0.0,,0.0,1.0,0.0
2016-06-27,0.0,,0.0,1.0,0.0
2016-07-06,0.0,,0.0,1.0,0.0
2016-07-11,0.0,,0.0,1.0,0.0
2016-07-12,0.0,,0.0,1.0,0.0
2016-07-14,0.0,,0.0,1.0,0.0
2016-07-21,0.0,,0.0,1.0,0.0
2016-07-26,0.0,,0.0,1.0,0.0
2016-07-27,0.0,,0.0,1.0,0.0
2016-08-10,0.0,,0.0,1.0,0.0
2016-08-18,0.0,,0.0,1.0,0.0
2016-08-25,0.0,,0.0,1.0,0.0
2016-08-30,0.0,,0.0,1.0,0.0
2016-09-02,0.0,,0.0,1.0,0.0
2016-09-15,0.0,,0.0,1.0,0.0
2016-09-19,0.0,,0.0,1.0,0.0
2016-09-23,0.0,,0.0,1.0,0.0
2016-09-29,0.0,,0.0,1.0,0.0
2016-10-18,0.0,,0.0,1.0,0.0
2016-10-31,0.0,,0.0,1.0,0.0
2016-11-07,0.0,,0.0,1.0,0.0
2016-11-10,0.0,,0.0,1.0,0.0
2016-11-17,0.0,,0.0,1.0,0.0
2016-11-21,0.0,,0.0,1.0,0.0
2016-11-30,0.0,,0.0,1.0,0.0
2016-12-01,0.0,,0.0,1.0,0.0
2016-12-06,0.0,,0.0,1.0,0.0
2016-12-07,0.0,,0.0,1.0,0.0
2016-12-08,0.0,,0.0,1.0,0.0
2016-12-09,0.0,,0.0,1.0,0.0
2016-12-12,0.0,,0.0,1.0,0.0
2016-12-14,0.0,,0.0,1.0,0.0
2016-12-19,0.0,,0.0,1.0,0.0
2016-12-20,0.0,,0.0,1.0,0.0
2016-12-21,0.0,,0.0,1.0,0.0
2016-12-22,0.0,,0.0,1.0,0.0
2016-12-28,0.0,,0.0,1.0,0.0
2016-12-29,0.0,,0.0,1.0,0.0
2017-01-05,0.0,,0.0,1.0,0.0
2017-01-06,0.0,,0.0,1.0,0.0
2017-01-09,0.0,,0.0,1.0,0.0
2017-01-10,0.0,,0.0,1.0,0.0
2017-01-11,0.0,,0.0,1.0,0.0
2017-01-12,0.0,,0.0,1.0,0.0
2017-01-17,0.0,,0.0,1.0,0.0
2017-01-23,0.0,,0.0,1.0,0.0
2017-01-24,0.0,,0.0,1.0,0.0
2017-01-26,0.0,,0.0,1.0,0.0
2017-01-27,0.0,,0.0,1.0,0.0
2017-01-30,0.0,,0.0,1.0,0.0
2017-02-01,0.0,,0.0,1.0,0.0
2017-02-02,0.0,,0.0,1.0,0.0
2017-02-06,0.0,,0.0,1.0,0.0
2017-02-07,0.0,,0.0,1.0,0.0
2017-02-08,0.0,,0.0,1.0,0.0
2017-02-09,0.0,,0.0,1.0,0.0
2017-02-10,0.0,,0.0,1.0,0.0
2017-02-13,0.0,,0.0,1.0,0.0
2017-02-14,0.0,,0.0,1.0,0.0
2017-02-16,0.0,,0.0,1.0,0.0
2017-02-21,0.0,,0.0,1.0,0.0
2017-02-23,0.0,,0.0,1.0,0.0
2017-02-27,0.0,,0.0,1.0,0.0
2017-02-28,0.0,,0.0,1.0,0.0
2017-03-02,0.0,,0.0,1.0,0.0
2017-03-03,0.0,,0.0,1.0,0.0
2017-03-06,0.0,,0.0,1.0,0.0
2017-03-07,0.0,,0.0,1.0,0.0
2017-03-08,0.5,,0.0,0.5,0.5
2017-03-09,0.0,,0.0,1.0,0.0
2017-03-15,0.0,,0.0,1.0,0.0
2017-03-16,0.0,,0.0,1.0,0.0
2017-03-17,0.0,,0.0,1.0,0.0
2017-03-21,0.0,,0.0,1.0,0.0
2017-03-23,0.0,,0.0,1.0,0.0
2017-03-24,0.0,,0.0,1.0,0.0
2017-03-27,0.0,,0.0,1.0,0.0
2017-03-28,0.0,,0.0,1.0,0.0
2017-03-29,0.0,,0.0,1.0,0.0
2017-03-30,0.0,,0.0,1.0,0.0
2017-03-31,0.0,,0.0,1.0,0.0
2017-04-04,0.0,,0.0,1.0,0.0
2017-04-06,0.0,,0.0,1.0,0.0
2017-04-07,0.0,,0.0,1.0,0.0
2017-04-10,0.0,,0.0,1.0,0.0
2017-04-11,0.0,,0.0,1.0,0.0
2017-04-14,0.0,,0.0,1.0,0.0
2017-04-17,0.0,,0.0,1.0,0.0
2017-04-18,0.0,,0.0,1.0,0.0
2017-04-20,0.0,,0.0,1.0,0.0
2017-04-25,0.0,,0.0,1.0,0.0
2017-04-26,0.0,,0.0,1.0,0.0
2017-04-27,0.0,,0.0,1.0,0.0
2017-05-01,0.0,,0.0,1.0,0.0
2017-05-02,0.0,,0.0,1.0,0.0
2017-05-03,0.0,,0.0,1.0,0.0
2017-05-04,0.0,,0.0,1.0,0.0
2017-05-05,0.0,,0.0,1.0,0.0
2017-05-09,0.0,,0.0,1.0,0.0
2017-05-10,0.0,,0.0,1.0,0.0
2017-05-11,0.0,,0.0,1.0,0.0
2017-05-15,0.0,,0.0,1.0,0.0
2017-05-16,0.0,,0.0,1.0,0.0
2017-05-17,0.0,,0.0,1.0,0.0
2017-05-18,0.0,,0.0,1.0,0.0
2017-05-19,0.0,,0.0,1.0,0.0
2017-05-22,0.0,,0.0,1.0,0.0
2017-05-23,0.0,,0.0,1.0,0.0
2017-05-24,0.0,,0.0,1.0,0.0
2017-05-25,0.0,,0.0,1.0,0.0
2017-05-26,0.0,,0.0,1.0,0.0
2017-05-30,0.0,,0.0,1.0,0.0
2017-06-01,0.0,,0.0,1.0,0.0
2017-06-05,0.0,,0.0,1.0,0.0
2017-06-06,0.0,,0.0,1.0,0.0
2017-06-07,0.0,,0.0,1.0,0.0
2017-06-08,0.0,,0.0,1.0,0.0
2017-06-09,0.0,,0.0,1.0,0.0
2017-06-12,0.0,,0.0,1.0,0.0
2017-06-13,0.0,,0.0,1.0,0.0
2017-06-15,0.0,,0.0,1.0,0.0
2017-06-16,0.0,,0.0,1.0,0.0
2017-06-20,0.0,,0.0,1.0,0.0
2017-06-21,0.0,,0.0,1.0,0.0
2017-06-22,0.0,,0.0,1.0,0.0
2017-06-26,0.0,,0.0,1.0,0.0
2017-06-27,0.0,,0.0,1.0,0.0
2017-06-28,0.0,,0.0,1.0,0.0
2017-06-29,0.0,,0.0,1.0,0.0
2017-06-30,0.0,,0.0,1.0,0.0
2017-07-05,0.0,,0.0,1.0,0.0
2017-07-06,0.0,,0.0,1.0,0.0
2017-07-07,0.0,,0.0,1.0,0.0
2017-07-10,0.0,,0.0,1.0,0.0
2017-07-11,0.0,,0.0,1.0,0.0
2017-07-12,0.0,,0.0,1.0,0.0
2017-07-13,0.0,,0.0,1.0,0.0
2017-07-18,0.0,,0.0,1.0,0.0
2017-07-19,0.0,,0.0,1.0,0.0
2017-07-20,0.0,,0.0,1.0,0.0
2017-07-21,0.0,,0.0,1.0,0.0
2017-07-26,0.0,,0.0,1.0,0.0
2017-07-27,0.0,,0.0,1.0,0.0
2017-07-28,0.0,,0.0,1.0,0.0
2017-07-31,0.0,,0.0,1.0,0.0
2017-08-01,0.0,,0.0,1.0,0.0
2017-08-03,0.0,,0.0,1.0,0.0
2017-08-08,0.0,,0.0,1.0,0.0
2017-08-10,0.3333333333333333,,0.0,0.6666666666666666,0.3333333333333333
2017-08-15,0.0,,0.0,1.0,0.0
2017-08-16,0.0,,0.0,1.0,0.0
2017-08-17,0.0,,0.0,1.0,0.0
2017-08-21,0.0,,0.0,1.0,0.0
2017-08-22,0.0,,0.0,1.0,0.0
2017-08-23,0.0,,0.0,1.0,0.0
2017-08-24,0.0,,0.0,1.0,0.0
2017-08-25,0.0,,0.0,1.0,0.0
2017-08-29,0.0,,0.0,1.0,0.0
2017-08-31,0.0,,0.0,1.0,0.0
2017-09-05,0.0,,0.0,1.0,0.0
2017-09-06,0.0,,0.0,1.0,0.0
2017-09-07,0.0,,0.0,1.0,0.0
2017-09-08,0.0,,0.0,1.0,0.0
2017-09-11,0.0,,0.0,1.0,0.0
2017-09-12,0.0,,0.0,1.0,0.0
2017-09-14,0.0,,0.0,1.0,0.0
2017-09-15,0.0,,0.0,1.0,0.0
2017-09-18,0.5,,0.0,0.5,0.5
2017-09-20,0.0,,0.0,1.0,0.0
2017-09-21,0.0,,0.0,1.0,0.0
2017-09-22,0.0,,0.0,1.0,0.0
2017-09-25,0.0,,0.0,1.0,0.0
2017-09-26,0.3333333333333333,,0.0,0.6666666666666666,0.3333333333333333
2017-09-27,0.0,,0.0,1.0,0.0
2017-09-28,0.0,,0.0,1.0,0.0
2017-09-29,0.0,,0.0,1.0,0.0
2017-10-02,0.0,,0.0,1.0,0.0
2017-10-03,0.0,,0.0,1.0,0.0
2017-10-05,0.0,,0.0,1.0,0.0
2017-10-06,0.0,,0.0,1.0,0.0
2017-10-10,0.0,,0.0,1.0,0.0
2017-10-12,0.0,,0.0,1.0,0.0
2017-10-13,0.0,,0.0,1.0,0.0
2017-10-16,0.0,,0.0,1.0,0.0
2017-10-17,0.0,,0.0,1.0,0.0
2017-10-18,0.0,,0.0,1.0,0.0
2017-10-19,0.0,,0.0,1.0,0.0
2017-10-20,0.0,,0.0,1.0,0.0
2017-10-23,0.0,,0.0,1.0,0.0
2017-10-24,0.0,,0.0,1.0,0.0
2017-10-25,0.0,,0.0,1.0,0.0
2017-10-26,0.0,,0.0,1.0,0.0
2017-10-30,0.0,,0.0,1.0,0.0
2017-10-31,0.0,,0.0,1.0,0.0
2017-11-01,0.0,,0.0,1.0,0.0
2017-11-02,0.0,,0.0,1.0,0.0
2017-11-03,0.0,,0.0,1.0,0.0
2017-11-06,0.0,,0.0,1.0,0.0
2017-11-07,0.0,,0.0,1.0,0.0
2017-11-08,0.0,,0.0,1.0,0.0
2017-11-09,0.0,,0.0,1.0,0.0
2017-11-10,0.0,,0.0,1.0,0.0
2017-11-14,0.0,,0.0,1.0,0.0
2017-11-16,0.0,,0.0,1.0,0.0
2017-11-17,0.0,,0.0,1.0,0.0
2017-11-20,0.0,,0.0,1.0,0.0
2017-11-21,0.0,,0.0,1.0,0.0
2017-11-23,0.0,,0.0,1.0,0.0
2017-11-28,0.0,,0.0,1.0,0.0
2017-11-29,0.0,,0.0,1.0,0.0
2017-11-30,0.0,,0.0,1.0,0.0
2017-12-04,0.0,,0.0,1.0,0.0
2017-12-05,0.0,,0.0,1.0,0.0
2017-12-07,0.0,,0.0,1.0,0.0
2017-12-11,0.0,,0.0,1.0,0.0
2017-12-12,0.0,,0.0,1.0,0.0
2017-12-13,0.0,,0.0,1.0,0.0
2017-12-14,0.0,,0.0,1.0,0.0
2017-12-19,0.0,,0.0,1.0,0.0
2017-12-20,0.0,,0.0,1.0,0.0
2017-12-21,0.0,,0.0,1.0,0.0
2017-12-22,0.0,,0.0,1.0,0.0
2017-12-27,0.0,,0.0,1.0,0.0
2017-12-28,0.0,,0.0,1.0,0.0
2018-01-02,0.0,,0.0,1.0,0.0
2018-01-03,0.0,,0.0,1.0,0.0
2018-01-04,0.0,,0.0,1.0,0.0
2018-01-05,0.0,,0.0,1.0,0.0
2018-01-08,0.0,,0.0,1.0,0.0
2018-01-09,0.0,,0.0,1.0,0.0
2018-01-10,0.0,,0.0,1.0,0.0
2018-01-11,0.0,,0.0,1.0,0.0
2018-01-12,0.0,,0.0,1.0,0.0
2018-01-15,0.0,,0.0,1.0,0.0
2018-01-16,0.0,,0.0,1.0,0.0
2018-01-17,0.0,,0.0,1.0,0.0
2018-01-18,0.0,,0.0,1.0,0.0
2018-01-19,0.0,,0.0,1.0,0.0
2018-01-22,0.0,,0.0,1.0,0.0
2018-01-24,0.0,,0.0,1.0,0.0
2018-01-25,0.0,,0.0,1.0,0.0
2018-01-26,0.0,,0.0,1.0,0.0
2018-01-29,0.0,,0.0,1.0,0.0
2018-01-30,0.0,,0.0,1.0,0.0
2018-01-31,0.0,,0.0,1.0,0.0
2018-02-01,0.0,,0.0,1.0,0.0
2018-02-02,0.0,,0.0,1.0,0.0
2018-02-03,0.0,,0.0,1.0,0.0
2018-02-05,0.0,,0.0,1.0,0.0
2018-02-06,0.0,,0.0,1.0,0.0
2018-02-07,0.0,,0.0,1.0,0.0
2018-02-08,0.0,,0.0,1.0,0.0
2018-02-09,0.0,,0.0,1.0,0.0
2018-02-12,-0.3333333333333333,,0.3333333333333333,0.6666666666666666,0.0
2018-02-13,0.0,,0.0,1.0,0.0
2018-02-14,0.0,,0.0,1.0,0.0
2018-02-15,0.0,,0.0,1.0,0.0
2018-02-16,0.0,,0.0,1.0,0.0
2018-02-20,0.0,,0.0,1.0,0.0
2018-02-21,0.0,,0.0,1.0,0.0
2018-02-22,0.0,,0.0,1.0,0.0
2018-02-23,0.0,,0.0,1.0,0.0
2018-02-26,0.0,,0.0,1.0,0.0
2018-02-27,0.5,,0.0,0.5,0.5
2018-02-28,0.0,,0.0,1.0,0.0
2018-03-01,0.0,,0.0,1.0,0.0
2018-03-02,0.0,,0.0,1.0,0.0
2018-03-05,0.0,,0.0,1.0,0.0
2018-03-06,0.0,,0.0,1.0,0.0
2018-03-07,0.0,,0.0,1.0,0.0
2018-03-08,0.0,,0.0,1.0,0.0
2018-03-09,0.0,,0.0,1.0,0.0
2018-03-12,0.018018018018018018,,0.018018018018018018,0.9459459459459459,0.036036036036036036
2018-03-13,-0.02345215759849906,,0.09193245778611632,0.8395872420262664,0.06848030018761726
2018-03-14,-0.0026666666666666666,,0.09066666666666667,0.8213333333333334,0.088
2018-03-15,0.005808325266214908,,0.09583736689254599,0.8025169409486931,0.10164569215876089
2018-03-16,-0.035794183445190156,,0.11968680089485459,0.796420581655481,0.08389261744966443
2018-03-17,0.01282051282051282,,0.038461538461538464,0.9102564102564102,0.05128205128205128
2018-03-18,-0.06547619047619048,,0.125,0.8154761904761905,0.05952380952380952
2018-03-19,-0.060445387062566275,,0.13679745493107104,0.7868504772004242,0.07635206786850478
2018-03-20,-0.024217961654894045,,0.11604439959636731,0.7921291624621595,0.09182643794147326
2018-03-21,-0.01483679525222552,,0.10286844708209693,0.8090999010880316,0.08803165182987141
2018-03-22,-0.013537906137184115,,0.10740072202166065,0.7987364620938628,0.09386281588447654
2018-03-23,-0.03355704697986577,,0.11888782358581017,0.7957813998082455,0.08533077660594439
2018-03-24,0.011363636363636364,,0.0,0.9886363636363636,0.011363636363636364
2018-03-25,-0.03684210526315789,,0.12105263157894737,0.7947368421052632,0.08421052631578947
2018-03-26,-0.03052064631956912,,0.1490125673249551,0.7324955116696589,0.118491921005386
2018-03-27,-0.020202020202020204,,0.0707070707070707,0.8787878787878788,0.050505050505050504
2018-03-28,-0.04111111111111111,,0.12222222222222222,0.7966666666666666,0.0811111111111111
2018-03-29,-0.007633587786259542,,0.1297709923664122,0.7480916030534351,0.12213740458015267
2018-03-30,0.06349206349206349,,0.0,0.9365079365079365,0.06349206349206349
2018-03-31,0.0,,0.0,1.0,0.0
2018-04-01,-0.12962962962962962,,0.25,0.6296296296296297,0.12037037037037036
2018-04-02,-0.05539772727272727,,0.14204545454545456,0.7713068181818182,0.08664772727272728
2018-04-03,-0.015647226173541962,,0.12944523470839261,0.7567567567567568,0.11379800853485064
2018-04-04,-0.022900763358778626,,0.11959287531806616,0.7837150127226463,0.09669211195928754
2018-04-05,-0.004032258064516129,,0.13172043010752688,0.7405913978494624,0.12768817204301075
2018-04-06,-0.07657657657657657,,0.17417417417417416,0.7282282282282282,0.09759759759759759
2018-04-07,0.01694915254237288,,0.0,0.9830508474576272,0.01694915254237288
2018-04-08,-0.02702702702702703,,0.0945945945945946,0.8378378378378378,0.06756756756756757
2018-04-09,0.006042296072507553,,0.10876132930513595,0.7764350453172205,0.1148036253776435
2018-04-10,-0.06060606060606061,,0.24242424242424243,0.5757575757575758,0.18181818181818182
2018-04-11,0.03560830860534125,,0.008902077151335312,0.9465875370919882,0.04451038575667656
2018-04-12,0.011655011655011656,,0.10139860139860139,0.7855477855477856,0.11305361305361306
2018-04-13,0.0029154518950437317,,0.11224489795918367,0.7725947521865889,0.1151603498542274
2018-04-14,0.0,,0.0,1.0,0.0
2018-04-15,-0.044444444444444446,,0.18518518518518517,0.674074074074074,0.14074074074074075
2018-04-16,-0.03556771545827633,,0.13953488372093023,0.7564979480164159,0.1039671682626539
2018-04-17,0.01742627345844504,,0.10455764075067024,0.7734584450402144,0.12198391420911528
2018-04-18,-0.0023014959723820483,,0.10126582278481013,0.7997698504027618,0.09896432681242807
2018-04-19,-0.021486123545210387,,0.09668755595344673,0.8281110116383169,0.07520143240823635
2018-04-20,-0.004901960784313725,,0.08235294117647059,0.8401960784313726,0.07745098039215687
2018-04-21,0.013513513513513514,,0.0,0.9864864864864865,0.013513513513513514
2018-04-22,-0.08670520231213873,,0.16184971098265896,0.7630057803468208,0.07514450867052024
2018-04-23,-0.029015544041450778,,0.11088082901554404,0.8072538860103627,0.08186528497409326
2018-04-24,0.0,,0.08957219251336898,0.820855614973262,0.08957219251336898
2018-04-25,0.006944444444444444,,0.006944444444444444,0.9791666666666666,0.013888888888888888
2018-04-26,0.02195945945945946,,0.05827702702702703,0.8614864864864865,0.08023648648648649
2018-04-27,-0.013872832369942197,,0.10520231213872833,0.8034682080924855,0.09132947976878612
2018-04-28,0.08823529411764706,,0.0,0.9117647058823529,0.08823529411764706
2018-04-29,-0.015267175572519083,,0.09923664122137404,0.816793893129771,0.08396946564885496
2018-04-30,0.00234192037470726,,0.08782201405152225,0.8220140515222483,0.09016393442622951
2018-05-01,-0.003708281829419036,,0.07045735475896168,0.8627935723114957,0.06674907292954264
2018-05-02,0.003436426116838488,,0.08848797250859107,0.8195876288659794,0.09192439862542956
2018-05-03,-0.04719501335707925,,0.10685663401602849,0.8334817453250223,0.05966162065894924
2018-05-04,0.0041025641025641026,,0.07794871794871795,0.84,0.08205128205128205
2018-05-05,0.0,,0.030303030303030304,0.9393939393939394,0.030303030303030304
2018-05-06,-0.02112676056338028,,0.11267605633802817,0.795774647887324,0.09154929577464789
2018-05-07,0.0,,0.0736392742796158,0.8527214514407684,0.0736392742796158
2018-05-08,0.0030959752321981426,,0.02476780185758514,0.9473684210526315,0.02786377708978328
2018-05-09,-0.0010030090270812437,,0.09428284854563691,0.8124373119358074,0.09327983951855567
2018-05-10,0.0019212295869356388,,0.08645533141210375,0.8251681075888568,0.08837656099903939
2018-05-11,-0.025959367945823927,,0.1162528216704289,0.7934537246049661,0.09029345372460497
2018-05-13,-0.006944444444444444,,0.10416666666666667,0.7986111111111112,0.09722222222222222
2018-05-14,-0.01987577639751553,,0.12795031055900621,0.7639751552795031,0.10807453416149068
2018-05-15,-0.019832985386221295,,0.09812108559498957,0.8235908141962421,0.07828810020876827
2018-05-16,0.01273148148148148,,0.09606481481481481,0.7951388888888888,0.1087962962962963
2018-05-17,0.011591148577449948,,0.09378292939936776,0.8008429926238145,0.1053740779768177
2018-05-18,-0.03855721393034826,,0.13308457711442787,0.7723880597014925,0.0945273631840796
2018-05-19,0.0,,0.0,1.0,0.0
2018-05-20,0.0,,0.0,1.0,0.0
2018-05-21,0.01837270341207349,,0.06824146981627296,0.8451443569553806,0.08661417322834646
2018-05-22,-0.009966777408637873,,0.09856035437430787,0.8128460686600222,0.08859357696567
2018-05-23,-0.025396825396825397,,0.10793650793650794,0.8095238095238095,0.08253968253968254
2018-05-24,-0.04265402843601896,,0.12559241706161137,0.7914691943127962,0.08293838862559241
2018-05-25,-0.011160714285714286,,0.1328125,0.7455357142857143,0.12165178571428571
2018-05-26,0.015625,,0.0,0.984375,0.015625
2018-05-27,-0.02962962962962963,,0.14814814814814814,0.7333333333333333,0.11851851851851852
2018-05-28,-0.03275109170305677,,0.22489082969432314,0.5829694323144105,0.19213973799126638
2018-05-29,-0.04182879377431906,,0.10214007782101167,0.8375486381322957,0.06031128404669261
2018-05-30,0.017321016166281754,,0.07736720554272518,0.8279445727482679,0.09468822170900693
2018-05-31,-0.011156186612576065,,0.10243407707910751,0.8062880324543611,0.09127789046653144
2018-06-01,0.056291390728476824,,0.09271523178807947,0.7582781456953642,0.1490066225165563
2018-06-02,0.03225806451612903,,0.03225806451612903,0.9032258064516129,0.06451612903225806
2018-06-03,-0.01935483870967742,,0.11612903225806452,0.7870967741935484,0.0967741935483871
2018-06-04,0.025078369905956112,,0.08881922675026123,0.7972831765935214,0.11389759665621735
2018-06-05,0.005219206680584551,,0.07620041753653445,0.8423799582463466,0.081419624217119
2018-06-06,0.036893203883495145,,0.0766990291262136,0.8097087378640777,0.11359223300970873
2018-06-07,-0.030474040632054177,,0.11851015801354402,0.7934537246049661,0.08803611738148984
2018-06-08,-0.055952380952380955,,0.13095238095238096,0.794047619047619,0.075
2018-06-09,-0.011627906976744186,,0.023255813953488372,0.9651162790697675,0.011627906976744186
2018-06-10,-0.07801418439716312,,0.1347517730496454,0.8085106382978723,0.05673758865248227
2018-06-11,-0.01927710843373494,,0.1144578313253012,0.7903614457831325,0.09518072289156626
2018-06-12,0.03132832080200501,,0.06516290726817042,0.8383458646616542,0.09649122807017543
2018-06-13,-0.022050716648291068,,0.07938257993384785,0.8632855567805954,0.05733186328555678
2018-06-14,-0.018664047151277015,,0.09037328094302555,0.8379174852652259,0.07170923379174853
2018-06-15,-0.039045553145336226,,0.10412147505422993,0.8308026030368764,0.0650759219088937
2018-06-16,0.011904761904761904,,0.0,0.9880952380952381,0.011904761904761904
2018-06-17,-0.03333333333333333,,0.07333333333333333,0.8866666666666667,0.04
2018-06-18,-0.057203389830508475,,0.11228813559322035,0.8326271186440678,0.05508474576271186
2018-06-19,-0.04803921568627451,,0.10490196078431373,0.8382352941176471,0.056862745098039215
2018-06-20,-0.014856081708449397,,0.10399257195914577,0.8068709377901578,0.08913649025069638
2018-06-21,-0.07032755298651253,,0.128131021194605,0.8140655105973025,0.057803468208092484
2018-06-22,0.028846153846153848,,0.0829326923076923,0.8052884615384616,0.11177884615384616
2018-06-23,0.02857142857142857,,0.0,0.9714285714285714,0.02857142857142857
2018-06-24,-0.007633587786259542,,0.07633587786259542,0.8549618320610687,0.06870229007633588
2018-06-25,-0.05641025641025641,,0.12307692307692308,0.8102564102564103,0.06666666666666667
2018-06-26,-0.03264417845484222,,0.10772578890097932,0.8171926006528836,0.0750816104461371
2018-06-27,-0.017150395778364115,,0.07651715039577836,0.8641160949868074,0.059366754617414245
2018-06-28,-0.037076271186440676,,0.09533898305084745,0.8463983050847458,0.05826271186440678
2018-06-29,0.01893095768374165,,0.08129175946547884,0.8184855233853007,0.10022271714922049
2018-06-30,-0.015873015873015872,,0.047619047619047616,0.9206349206349206,0.031746031746031744
2018-07-01,-0.15517241379310345,,0.1896551724137931,0.7758620689655172,0.034482758620689655
2018-07-02,-0.04495747266099635,,0.12636695018226002,0.7922235722964763,0.08140947752126367
2018-07-03,0.0011806375442739079,,0.11097992916174734,0.7768595041322314,0.11216056670602124
2018-07-04,-0.08547008547008547,,0.21367521367521367,0.6581196581196581,0.1282051282051282
2018-07-05,-0.012021857923497269,,0.10273224043715846,0.8065573770491803,0.0907103825136612
2018-07-06,-0.0208078335373317,,0.11872705018359853,0.7833537331701347,0.09791921664626684
2018-07-07,0.031746031746031744,,0.0,0.9682539682539683,0.031746031746031744
2018-07-08,-0.0738255033557047,,0.14093959731543623,0.7919463087248322,0.06711409395973154
2018-07-09,0.01650943396226415,,0.09551886792452831,0.7924528301886793,0.11202830188679246
2018-07-10,0.024881516587677725,,0.08649289099526067,0.8021327014218009,0.11137440758293839
2018-07-11,0.0,,0.0,1.0,0.0
2018-07-12,0.0,,0.0,1.0,0.0
2018-07-13,0.0,,0.0,1.0,0.0
2018-07-14,-0.038461538461538464,,0.038461538461538464,0.9615384615384616,0.0
2018-07-15,-0.06923076923076923,,0.16153846153846155,0.7461538461538462,0.09230769230769231
2018-07-16,-0.042796005706134094,,0.11269614835948645,0.8174037089871612,0.06990014265335236
2018-07-17,-0.006578947368421052,,0.09758771929824561,0.8114035087719298,0.09100877192982457
2018-07-18,0.03147208121827411,,0.07918781725888324,0.8101522842639594,0.11065989847715736
2018-07-19,-0.057692307692307696,,0.1346153846153846,0.7884615384615384,0.07692307692307693
2018-07-20,-0.16783216783216784,,0.2727272727272727,0.6223776223776224,0.1048951048951049
2018-07-21,0.0,,0.0,1.0,0.0
2018-07-22,-0.015037593984962405,,0.07518796992481203,0.8646616541353384,0.06015037593984962
2018-07-23,-0.036684782608695655,,0.09782608695652174,0.8410326086956522,0.06114130434782609
2018-07-24,0.027777777777777776,,0.1111111111111111,0.75,0.1388888888888889
2018-07-25,0.004341534008683068,,0.059334298118668596,0.8769898697539797,0.06367583212735166
2018-07-26,-0.00398406374501992,,0.09163346613545817,0.8207171314741036,0.08764940239043825
2018-07-27,0.008865248226950355,,0.07801418439716312,0.8351063829787234,0.08687943262411348
2018-07-28,0.0,,0.0,1.0,0.0
2018-07-29,0.0,,0.014492753623188406,0.9710144927536232,0.014492753623188406
2018-07-30,-0.037545787545787544,,0.0989010989010989,0.8397435897435898,0.06135531135531135
2018-07-31,0.008663366336633664,,0.06064356435643564,0.870049504950495,0.06930693069306931
2018-08-01,-0.03228621291448516,,0.09860383944153578,0.8350785340314136,0.06631762652705062
2018-08-02,0.0007974481658692185,,0.07655502392344497,0.8460925039872408,0.0773524720893142
2018-08-03,0.0038948393378773127,,0.07887049659201557,0.8383641674780915,0.0827653359298929
2018-08-04,-0.0547945205479452,,0.0684931506849315,0.9178082191780822,0.0136986301369863
2018-08-05,0.0078125,,0.0859375,0.8203125,0.09375
2018-08-06,-0.0297029702970297,,0.2376237623762376,0.5544554455445545,0.2079207920792079
2018-08-07,0.0,,0.0,1.0,0.0
2018-08-08,0.0,,0.0,1.0,0.0
2018-08-09,0.0,,0.0,1.0,0.0
2018-08-10,0.0,,0.0,1.0,0.0
2018-08-13,0.0,,0.0,1.0,0.0
2018-08-14,0.0,,0.0,1.0,0.0
2018-08-15,0.0,,0.0,1.0,0.0
2018-08-16,0.0,,0.0,1.0,0.0
2018-08-17,0.0,,0.0,1.0,0.0
2018-08-20,0.0,,0.0,1.0,0.0
2018-08-21,0.0,,0.0,1.0,0.0
2018-08-22,0.0,,0.0,1.0,0.0
2018-08-23,0.0,,0.0,1.0,0.0
2018-08-24,0.0,,0.0,1.0,0.0
2018-08-27,0.0,,0.0,1.0,0.0
2018-08-28,0.0,,0.0,1.0,0.0
2018-08-29,0.0,,0.0,1.0,0.0
2018-08-30,0.0,,0.0,1.0,0.0
2018-09-04,0.0,,0.0,1.0,0.0
2018-09-05,0.0,,0.0,1.0,0.0
2018-09-06,0.0,,0.0,1.0,0.0
2018-09-07,0.0,,0.0,1.0,0.0
2018-09-08,0.0,,0.0,1.0,0.0
2018-09-09,-0.06451612903225806,,0.18548387096774194,0.6935483870967742,0.12096774193548387
2018-09-10,0.024725274725274724,,0.0782967032967033,0.8186813186813187,0.10302197802197802
2018-09-11,-0.014705882352941176,,0.08496732026143791,0.8447712418300654,0.07026143790849673
2018-09-12,-0.00972972972972973,,0.06378378378378378,0.8821621621621621,0.05405405405405406
2018-09-13,0.0012903225806451613,,0.0696774193548387,0.8593548387096774,0.07096774193548387
2018-09-14,-0.0033444816053511705,,0.06354515050167224,0.8762541806020067,0.06020066889632107
2018-09-15,0.0,,0.014084507042253521,0.971830985915493,0.014084507042253521
2018-09-16,-0.027586206896551724,,0.0896551724137931,0.8482758620689655,0.06206896551724138
2018-09-17,-0.02967741935483871,,0.12903225806451613,0.7716129032258064,0.09935483870967741
2018-09-18,-0.022222222222222223,,0.09494949494949495,0.8323232323232324,0.07272727272727272
2018-09-19,0.027093596059113302,,0.0603448275862069,0.8522167487684729,0.0874384236453202
2018-09-20,0.030837004405286344,,0.09140969162995595,0.7863436123348018,0.1222466960352423
2018-09-21,-0.02857142857142857,,0.11428571428571428,0.8,0.08571428571428572
2018-09-22,0.0,,0.0,1.0,0.0
2018-09-23,0.022222222222222223,,0.044444444444444446,0.8888888888888888,0.06666666666666667
2018-09-24,-0.02050113895216401,,0.08997722095671981,0.8405466970387244,0.06947608200455581
2018-09-25,-0.00932642487046632,,0.08601036269430051,0.8373056994818653,0.0766839378238342
2018-09-26,-0.013268998793727383,,0.06755126658624849,0.8781664656212304,0.054282267792521106
2018-09-27,-0.002152852529601722,,0.077502691065662,0.8471474703982778,0.07534983853606028
2018-09-28,-0.04955947136563876,,0.1354625550660793,0.7786343612334802,0.08590308370044053
2018-09-29,0.0,,0.12121212121212122,0.7575757575757576,0.12121212121212122
2018-09-30,0.058823529411764705,,0.0661764705882353,0.8088235294117647,0.125
2018-10-01,0.01728110599078341,,0.07258064516129033,0.8375576036866359,0.08986175115207373
2018-10-02,0.0,,0.0,1.0,0.0
2018-10-03,0.06666666666666667,,0.0,0.9333333333333333,0.06666666666666667
2018-10-04,0.0,,0.0,1.0,0.0
2018-10-05,-0.009671179883945842,,0.07736943907156674,0.8549323017408124,0.06769825918762089
2018-10-06,0.03571428571428571,,0.07142857142857142,0.8214285714285714,0.10714285714285714
2018-10-07,-0.16326530612244897,,0.1836734693877551,0.7959183673469388,0.02040816326530612
2018-10-08,-0.04362050163576881,,0.10032715376226826,0.8429661941112323,0.05670665212649945
2018-10-09,-0.05476190476190476,,0.12023809523809524,0.8142857142857143,0.06547619047619048
2018-10-10,-0.04223968565815324,,0.1031434184675835,0.8359528487229863,0.060903732809430254
2018-10-11,-0.06060606060606061,,0.10835629017447199,0.8438934802571166,0.047750229568411386
2018-10-12,-0.020719738276990186,,0.10468920392584515,0.8113413304252999,0.08396946564885496
2018-10-13,-0.041666666666666664,,0.041666666666666664,0.9583333333333334,0.0
2018-10-14,-0.006993006993006993,,0.09090909090909091,0.8251748251748252,0.08391608391608392
2018-10-15,-0.05460750853242321,,0.12400455062571103,0.8065984072810012,0.06939704209328783
2018-10-16,0.02079002079002079,,0.0945945945945946,0.7900207900207901,0.11538461538461539
2018-10-17,-0.010559662090813094,,0.08658922914466737,0.8373812038014784,0.07602956705385427
2018-10-18,-0.03058103975535168,,0.10091743119266056,0.8287461773700305,0.07033639143730887
2018-10-19,-0.0111731843575419,,0.09944134078212291,0.8122905027932961,0.08826815642458101
2018-10-20,0.024691358024691357,,0.0,0.9753086419753086,0.024691358024691357
2018-10-21,-0.03723404255319149,,0.10638297872340426,0.824468085106383,0.06914893617021277
2018-10-22,-0.01862464183381089,,0.08882521489971347,0.8409742120343839,0.07020057306590258
2018-10-23,-0.045714285714285714,,0.0980952380952381,0.8495238095238096,0.05238095238095238
2018-10-24,-0.01730769230769231,,0.08846153846153847,0.8403846153846154,0.07115384615384615
2018-10-25,-0.022727272727272728,,0.09683794466403162,0.8290513833992095,0.0741106719367589
2018-10-26,-0.04189944134078212,,0.10707635009310987,0.8277467411545624,0.06517690875232775
2018-10-27,0.0,,0.042105263157894736,0.9157894736842105,0.042105263157894736
2018-10-28,-0.125,,0.14375,0.8375,0.01875
2018-10-29,-0.036380597014925374,,0.0914179104477612,0.8535447761194029,0.05503731343283582
2018-10-30,-0.020905923344947737,,0.09146341463414634,0.837979094076655,0.07055749128919861
2018-10-31,0.02444794952681388,,0.062302839116719244,0.8509463722397477,0.08675078864353312
2018-11-01,0.032640949554896145,,0.13056379821958458,0.7062314540059347,0.1632047477744807
2018-11-05,-0.06837606837606838,,0.06837606837606838,0.9316239316239316,0.0
2018-11-06,-0.03025064822817632,,0.09334485738980121,0.8435609334485739,0.06309420916162489
2018-11-07,-0.03822222222222222,,0.11022222222222222,0.8177777777777778,0.072
2018-11-08,-0.030959752321981424,,0.10319917440660474,0.8245614035087719,0.07223942208462332
2018-11-09,-0.10739856801909307,,0.1730310262529833,0.7613365155131265,0.06563245823389022
2018-11-11,-0.08783783783783784,,0.17567567567567569,0.7364864864864865,0.08783783783783784
2018-11-12,-0.07196029776674938,,0.13895781637717122,0.794044665012407,0.06699751861042183
2018-11-13,-0.03718199608610567,,0.10078277886497064,0.8356164383561644,0.06360078277886497
2018-11-14,-0.055611729019211326,,0.1172901921132457,0.8210313447927199,0.06167846309403438
2018-11-15,-0.030845771144278607,,0.12238805970149254,0.7860696517412935,0.09154228855721393
2018-11-16,-0.03236994219653179,,0.11213872832369942,0.8080924855491329,0.07976878612716763
2018-11-17,0.1,,0.1,0.7,0.2
2018-11-18,-0.005154639175257732,,0.11855670103092783,0.7680412371134021,0.1134020618556701
2018-11-19,-0.05360824742268041,,0.11752577319587629,0.8185567010309278,0.06391752577319587
2018-11-20,-0.062218214607754736,,0.11992786293958521,0.8223624887285843,0.057709648331830475
2018-11-21,-0.051054384017758046,,0.13984461709211987,0.7713651498335183,0.08879023307436182
2018-11-22,0.04990757855822551,,0.19963031423290203,0.5508317929759704,0.24953789279112754
2018-11-23,-0.08779443254817987,,0.17987152034261242,0.728051391862955,0.09207708779443255
2018-11-24,-0.043478260869565216,,0.043478260869565216,0.9565217391304348,0.0
2018-11-25,-0.033816425120772944,,0.13526570048309178,0.7632850241545893,0.10144927536231885
2018-11-26,-0.008333333333333333,,0.0988095238095238,0.8107142857142857,0.09047619047619047
2018-11-27,-0.06651884700665188,,0.12971175166297116,0.8070953436807096,0.06319290465631928
2018-11-28,0.01445578231292517,,0.10799319727891156,0.7695578231292517,0.12244897959183673
2018-11-29,0.05551272166538165,,0.11873554356206631,0.7070161912104858,0.17424826522744796
2018-11-30,-0.033707865168539325,,0.19713993871297242,0.6394279877425945,0.1634320735444331
2018-12-01,0.0353356890459364,,0.3286219081272085,0.30742049469964666,0.36395759717314485
2018-12-02,0.10176991150442478,,0.1592920353982301,0.5796460176991151,0.2610619469026549
2018-12-03,0.0075107296137339056,,0.08369098712446352,0.825107296137339,0.09120171673819742
2018-12-04,-0.022263450834879406,,0.11595547309833024,0.7903525046382189,0.09369202226345083
2018-12-05,-0.09566326530612244,,0.2193877551020408,0.6568877551020408,0.12372448979591837
2018-12-06,-0.10275080906148867,,0.19174757281553398,0.7192556634304207,0.0889967637540453
2018-12-07,-0.14375,,0.2725,0.59875,0.12875
2018-12-08,-0.5098039215686274,,0.7058823529411765,0.09803921568627451,0.19607843137254902
2018-12-09,0.0,,0.0,1.0,0.0
2018-12-10,0.0,,0.0,1.0,0.0
2018-12-11,0.0,,0.0,1.0,0.0
2018-12-12,0.04,,0.04,0.88,0.08
2018-12-13,-0.11428571428571428,,0.11428571428571428,0.8857142857142857,0.0
2018-12-14,-0.2857142857142857,,0.35714285714285715,0.5714285714285714,0.07142857142857142
2018-12-15,-0.23863636363636365,,0.29545454545454547,0.6477272727272727,0.056818181818181816
2018-12-16,-0.08917197452229299,,0.1464968152866242,0.7961783439490446,0.05732484076433121
2018-12-17,-0.05239687848383501,,0.10925306577480491,0.8338907469342252,0.056856187290969896
2018-12-18,-0.04781281790437437,,0.10579857578840285,0.8362156663275687,0.05798575788402848
2018-12-19,-0.020076481835564052,,0.11950286806883365,0.7810707456978967,0.0994263862332696
2018-12-20,-0.11045029736618521,,0.16142735768903993,0.7875955819881053,0.05097706032285471
2018-12-21,-0.049653579676674366,,0.11662817551963048,0.8163972286374134,0.06697459584295612
2018-12-22,0.0,,0.0,1.0,0.0
2018-12-23,-0.08461538461538462,,0.1076923076923077,0.8692307692307693,0.023076923076923078
2018-12-24,-0.06687898089171974,,0.10031847133757962,0.8662420382165605,0.03343949044585987
2018-12-25,-0.09302325581395349,,0.14728682170542637,0.7984496124031008,0.05426356589147287
2018-12-26,0.017027863777089782,,0.06346749226006192,0.8560371517027864,0.0804953560371517
2018-12-27,-0.016753926701570682,,0.07958115183246073,0.8575916230366493,0.06282722513089005
2018-12-28,-0.02158273381294964,,0.11079136690647481,0.8,0.08920863309352518
2018-12-29,-0.07317073170731707,,0.21951219512195122,0.6341463414634146,0.14634146341463414
2018-12-30,-0.03669724770642202,,0.12844036697247707,0.7798165137614679,0.09174311926605505
2018-12-31,-0.00992063492063492,,0.06746031746031746,0.875,0.057539682539682536
2019-01-01,-0.08783783783783784,,0.1554054054054054,0.777027027027027,0.06756756756756757
2019-01-02,-0.07013574660633484,,0.12669683257918551,0.8167420814479638,0.05656108597285068
2019-01-03,-0.09549356223175966,,0.1609442060085837,0.7736051502145923,0.06545064377682404
2019-01-04,0.0012594458438287153,,0.10075566750629723,0.7972292191435768,0.10201511335012595
2019-01-05,-0.3431372549019608,,0.38235294117647056,0.5784313725490197,0.0392156862745098
2019-01-06,-0.09316770186335403,,0.16770186335403728,0.7577639751552795,0.07453416149068323
2019-01-07,-0.00298804780876494,,0.08565737051792828,0.8316733067729084,0.08266932270916334
2019-01-08,-0.02318840579710145,,0.11400966183574879,0.7951690821256039,0.09082125603864734
2019-01-09,0.022448979591836733,,0.08673469387755102,0.8040816326530612,0.10918367346938776
2019-01-10,-0.04035874439461883,,0.09865470852017937,0.8430493273542601,0.05829596412556054
2019-01-11,-0.05675954592363261,,0.11455108359133127,0.8276573787409701,0.05779153766769866
2019-01-12,-0.036585365853658534,,0.0975609756097561,0.8414634146341463,0.06097560975609756
2019-01-13,-0.05128205128205128,,0.12307692307692308,0.8051282051282052,0.07179487179487179
2019-01-14,-0.03639846743295019,,0.12164750957854406,0.7931034482758621,0.08524904214559387
2019-01-15,-0.01867219917012448,,0.10477178423236515,0.8091286307053942,0.08609958506224066
2019-01-16,-0.05194805194805195,,0.1471861471861472,0.7575757575757576,0.09523809523809523
2019-01-17,0.07017543859649122,,0.017543859649122806,0.8947368421052632,0.08771929824561403
2019-01-18,0.07857142857142857,,0.014285714285714285,0.8928571428571429,0.09285714285714286
2019-01-19,0.7272727272727273,,0.09090909090909091,0.09090909090909091,0.8181818181818182
2019-01-20,0.5,,0.0,0.5,0.5
2019-01-21,-0.009523809523809525,,0.01904761904761905,0.9714285714285714,0.009523809523809525
2019-01-22,0.03508771929824561,,0.02631578947368421,0.9122807017543859,0.06140350877192982
2019-01-23,-0.011406844106463879,,0.03802281368821293,0.935361216730038,0.026615969581749048
2019-01-24,-0.003355704697986577,,0.030201342281879196,0.9429530201342282,0.026845637583892617
2019-01-25,0.0,,0.02127659574468085,0.9574468085106383,0.02127659574468085
2019-01-27,0.0,,0.0,1.0,0.0
2019-01-28,-0.023474178403755867,,0.028169014084507043,0.9671361502347418,0.004694835680751174
2019-01-29,0.0057306590257879654,,0.03151862464183381,0.9312320916905444,0.03724928366762178
2019-01-30,0.02493765586034913,,0.034912718204488775,0.9052369077306733,0.059850374064837904
2019-01-31,0.021645021645021644,,0.021645021645021644,0.935064935064935,0.04329004329004329
2019-02-01,0.028925619834710745,,0.012396694214876033,0.9462809917355371,0.04132231404958678
2019-02-03,0.0,,0.4,0.2,0.4
2019-02-04,0.010471204188481676,,0.010471204188481676,0.9685863874345549,0.020942408376963352
2019-02-05,0.021406727828746176,,0.012232415902140673,0.9541284403669725,0.03363914373088685
2019-02-06,0.04011461318051576,,0.025787965616045846,0.9083094555873925,0.0659025787965616
2019-02-07,0.027700831024930747,,0.0110803324099723,0.9501385041551247,0.038781163434903045
2019-02-08,0.053763440860215055,,0.010752688172043012,0.9247311827956989,0.06451612903225806
2019-02-10,0.0,,0.0,1.0,0.0
2019-02-11,-0.024793388429752067,,0.09504132231404959,0.8347107438016529,0.07024793388429752
2019-02-12,0.025152439024390245,,0.0701219512195122,0.8346036585365854,0.09527439024390244
2019-02-13,-0.009355509355509356,,0.08835758835758836,0.8326403326403327,0.079002079002079
2019-02-14,-0.01747311827956989,,0.11290322580645161,0.7916666666666666,0.09543010752688172
2019-02-15,0.005115089514066497,,0.10358056265984655,0.7877237851662404,0.10869565217391304
2019-02-16,0.8,,0.06666666666666667,0.06666666666666667,0.8666666666666667
2019-02-17,0.022727272727272728,,0.16477272727272727,0.6477272727272727,0.1875
2019-02-18,-0.040145985401459854,,0.1386861313868613,0.7627737226277372,0.09854014598540146
2019-02-19,-0.0016877637130801688,,0.1029535864978903,0.7957805907172996,0.10126582278481013
2019-02-20,0.016917293233082706,,0.06265664160401002,0.8577694235588973,0.07957393483709273
2019-02-21,-0.0072992700729927005,,0.08534531162268388,0.8366086468276249,0.07804604154969118
2019-02-22,0.06519898391193904,,0.07112616426756986,0.7925486875529213,0.1363251481795089
2019-02-23,0.40384615384615385,,0.057692307692307696,0.4807692307692308,0.46153846153846156
2019-02-24,0.09615384615384616,,0.11538461538461539,0.6730769230769231,0.21153846153846154
2019-02-25,0.010131712259371834,,0.08206686930091185,0.8257345491388045,0.09219858156028368
2019-02-26,-0.01100762066045724,,0.08890770533446232,0.8331922099915327,0.07790008467400508
2019-02-27,-0.02478017585931255,,0.10471622701838529,0.815347721822542,0.07993605115907274
2019-02-28,-0.0425531914893617,,0.12214342001576044,0.7982663514578409,0.07959022852639874
2019-03-01,-0.022935779816513763,,0.10321100917431193,0.8165137614678899,0.08027522935779817
2019-03-02,0.0,,0.0,1.0,0.0
2019-03-03,0.04411764705882353,,0.1323529411764706,0.6911764705882353,0.17647058823529413
2019-03-04,-0.024444444444444446,,0.10777777777777778,0.8088888888888889,0.08333333333333333
2019-03-05,-0.02854230377166157,,0.1162079510703364,0.7961264016309888,0.08766564729867482
2019-03-06,-0.07548845470692718,,0.1492007104795737,0.7770870337477798,0.07371225577264653
2019-03-07,-0.05145929339477726,,0.15284178187403993,0.7457757296466974,0.10138248847926268
2019-03-08,-0.06128702757916241,,0.1511746680286006,0.7589376915219612,0.0898876404494382
2019-03-09,0.10407239819004525,,0.23076923076923078,0.4343891402714932,0.334841628959276
2019-03-10,-0.011834319526627219,,0.17159763313609466,0.6686390532544378,0.15976331360946747
2019-03-11,-0.010436432637571158,,0.10056925996204934,0.8092979127134725,0.09013282732447818
2019-03-12,-0.032432432432432434,,0.1018018018018018,0.8288288288288288,0.06936936936936937
2019-03-13,0.0015479876160990713,,0.09520123839009288,0.8080495356037152,0.09674922600619196
2019-03-14,-0.04983922829581994,,0.1454983922829582,0.7588424437299035,0.09565916398713827
2019-03-15,0.020366598778004074,,0.10692464358452139,0.7657841140529531,0.12729124236252545
2019-03-16,0.08917197452229299,,0.21656050955414013,0.47770700636942676,0.3057324840764331
2019-03-17,-0.014184397163120567,,0.1347517730496454,0.7446808510638298,0.12056737588652482
2019-03-18,-0.0274949083503055,,0.09368635437881874,0.840122199592668,0.06619144602851323
2019-03-19,0.02570093457943925,,0.08177570093457943,0.8107476635514018,0.10747663551401869
2019-03-20,-0.03959390862944162,,0.10456852791878173,0.8304568527918782,0.0649746192893401
2019-03-21,-0.0068359375,,0.12109375,0.7646484375,0.1142578125
2019-03-22,-0.028985507246376812,,0.2222222222222222,0.5845410628019324,0.1932367149758454
2019-03-23,-0.10526315789473684,,0.42105263157894735,0.2631578947368421,0.3157894736842105
2019-03-24,-0.13496932515337423,,0.20245398773006135,0.7300613496932515,0.06748466257668712
2019-03-25,-0.04642857142857143,,0.12023809523809524,0.805952380952381,0.07380952380952381
2019-03-26,-0.04263565891472868,,0.11498708010335917,0.8126614987080103,0.07235142118863049
2019-03-27,-0.024725274725274724,,0.11126373626373626,0.8021978021978022,0.08653846153846154
2019-03-28,0.04693140794223827,,0.07581227436823104,0.8014440433212996,0.12274368231046931
2019-03-29,-0.0014204545454545455,,0.1534090909090909,0.6946022727272727,0.15198863636363635
2019-03-30,-0.02654867256637168,,0.18584070796460178,0.6548672566371682,0.1592920353982301
2019-03-31,0.046153846153846156,,0.06923076923076923,0.8153846153846154,0.11538461538461539
2019-04-01,0.028409090909090908,,0.052556818181818184,0.8664772727272727,0.08096590909090909
2019-04-02,-0.06915477497255763,,0.141602634467618,0.7859495060373216,0.07244785949506037
2019-04-03,0.03036876355748373,,0.07809110629067245,0.8134490238611713,0.10845986984815618
2019-04-04,-0.0582010582010582,,0.1343915343915344,0.7894179894179895,0.0761904761904762
2019-04-05,0.0316622691292876,,0.09366754617414248,0.7810026385224275,0.12532981530343007
2019-04-06,-0.010526315789473684,,0.15789473684210525,0.6947368421052632,0.14736842105263157
2019-04-07,-0.07092198581560284,,0.15602836879432624,0.7588652482269503,0.0851063829787234
2019-04-08,-0.03873239436619718,,0.1068075117370892,0.8251173708920188,0.06807511737089202
2019-04-09,-0.03765690376569038,,0.1192468619246862,0.799163179916318,0.08158995815899582
2019-04-10,0.0062176165803108805,,0.09015544041450778,0.8134715025906736,0.09637305699481866
2019-04-11,-0.029580152671755726,,0.09637404580152671,0.8368320610687023,0.06679389312977099
2019-04-12,0.02394526795895097,,0.10148232611174458,0.7730900798175598,0.12542759407069556
2019-04-13,0.10975609756097561,,0.012195121951219513,0.8658536585365854,0.12195121951219512
2019-04-14,-0.10144927536231885,,0.15942028985507245,0.782608695652174,0.057971014492753624
2019-04-15,-0.016556291390728478,,0.09933774834437085,0.8178807947019867,0.08278145695364239
2019-04-16,0.004604051565377533,,0.0856353591160221,0.8241252302025782,0.09023941068139964
2019-04-17,-0.001869158878504673,,0.09065420560747664,0.8205607476635514,0.08878504672897196
2019-04-18,0.010221465076660987,,0.07155025553662692,0.8466780238500852,0.0817717206132879
2019-04-19,-0.00558659217877095,,0.0223463687150838,0.9608938547486033,0.01675977653631285
2019-04-20,0.015873015873015872,,0.0,0.9841269841269841,0.015873015873015872
2019-04-21,-0.10909090909090909,,0.14545454545454545,0.8181818181818182,0.03636363636363636
2019-04-22,-0.013869625520110958,,0.08599167822468794,0.841886269070735,0.07212205270457697
2019-04-23,0.024024024024024024,,0.06506506506506507,0.8458458458458459,0.0890890890890891
2019-04-24,-0.023006134969325152,,0.08895705521472393,0.8450920245398773,0.06595092024539877
2019-04-25,-0.025604551920341393,,0.0953058321479374,0.8349928876244666,0.06970128022759602
2019-04-26,-0.021404109589041095,,0.09332191780821918,0.8347602739726028,0.07191780821917808
2019-04-27,0.0273972602739726,,0.0136986301369863,0.9452054794520548,0.0410958904109589
2019-04-28,-0.04032258064516129,,0.12903225806451613,0.782258064516129,0.08870967741935484
2019-04-29,-0.015329125338142471,,0.08385933273219116,0.8476104598737602,0.06853020739404869
2019-04-30,-0.003980891719745223,,0.0660828025477707,0.8718152866242038,0.06210191082802548
2019-05-01,-0.02596537949400799,,0.07856191744340879,0.8688415446071904,0.0525965379494008
2019-05-02,-0.053475935828877004,,0.09893048128342247,0.8556149732620321,0.045454545454545456
2019-05-03,-0.014517506404782237,,0.08710503842869342,0.8403074295473953,0.07258753202391119
2019-05-04,-0.009433962264150943,,0.02830188679245283,0.9528301886792453,0.018867924528301886
2019-05-05,-0.09923664122137404,,0.19083969465648856,0.7175572519083969,0.0916030534351145
2019-05-06,-0.06790123456790123,,0.12257495590828923,0.8227513227513228,0.054673721340388004
2019-05-07,-0.0960735171261487,,0.14870509607351712,0.7986633249791144,0.05263157894736842
2019-05-08,-0.03125,,0.03125,0.96875,0.0
2019-05-09,0.0,,0.0,1.0,0.0
2019-05-10,0.0,,0.0,1.0,0.0
2019-05-11,0.0,,0.0,1.0,0.0
2019-05-12,-0.125,,0.20833333333333334,0.7083333333333334,0.08333333333333333
2019-05-13,-0.08660785886126704,,0.12028869286287089,0.8460304731355253,0.03368083400160385
2019-05-14,-0.030784508440913606,,0.1211519364448858,0.788480635551142,0.0903674280039722
2019-05-15,-0.05435801312089972,,0.1274601686972821,0.7994376757263355,0.07310215557638237
2019-05-16,-0.02895752895752896,,0.13320463320463322,0.7625482625482626,0.10424710424710425
2019-05-17,-0.09346846846846847,,0.14977477477477477,0.793918918918919,0.05630630630630631
2019-05-18,-0.10576923076923077,,0.19230769230769232,0.7211538461538461,0.08653846153846154
2019-05-19,-0.06956521739130435,,0.11304347826086956,0.8434782608695652,0.043478260869565216
2019-05-20,-0.05078597339782346,,0.11003627569528417,0.8307134220072552,0.0592503022974607
2019-05-21,-0.036637931034482756,,0.12823275862068967,0.7801724137931034,0.09159482758620689
2019-05-22,-0.09487666034155598,,0.1442125237191651,0.8064516129032258,0.04933586337760911
2019-05-23,-0.05954631379962193,,0.14272211720226843,0.774102079395085,0.0831758034026465
2019-05-24,-0.01818181818181818,,0.15454545454545454,0.7090909090909091,0.13636363636363635
2019-05-26,-0.07142857142857142,,0.21428571428571427,0.6428571428571429,0.14285714285714285
2019-05-27,0.05817174515235457,,0.11911357340720222,0.703601108033241,0.1772853185595568
2019-05-28,-0.02357320099255583,,0.10173697270471464,0.8200992555831266,0.07816377171215881
2019-05-29,-0.053726169844020795,,0.12564991334488734,0.8024263431542461,0.07192374350086655
2019-05-30,-0.050341296928327645,,0.14334470989761092,0.7636518771331058,0.09300341296928327
2019-05-31,-0.10062893081761007,,0.18029350104821804,0.740041928721174,0.07966457023060797
2019-06-01,-0.2571428571428571,,0.4642857142857143,0.32857142857142857,0.20714285714285716
2019-06-02,-0.10909090909090909,,0.2,0.7090909090909091,0.09090909090909091
2019-06-03,-0.026225769669327253,,0.06955530216647662,0.887115165336374,0.043329532497149374
2019-06-04,-0.057633973710819006,,0.14661274014155712,0.7644084934277048,0.08897876643073811
2019-06-05,-0.045364891518737675,,0.14694280078895464,0.7514792899408284,0.10157790927021697
2019-06-06,-0.059044048734770385,,0.1668228678537957,0.725398313027179,0.1077788191190253
2019-06-07,-0.07015706806282722,,0.1549738219895288,0.7602094240837697,0.08481675392670157
2019-06-08,-0.07526881720430108,,0.3010752688172043,0.4731182795698925,0.22580645161290322
2019-06-09,-0.044444444444444446,,0.16296296296296298,0.7185185185185186,0.11851851851851852
2019-06-10,-0.04157782515991471,,0.12153518123667377,0.7985074626865671,0.07995735607675906
2019-06-11,-0.013224821973550356,,0.11597151576805696,0.7812817904374364,0.10274669379450661
2019-06-12,-0.0398959236773634,,0.10147441457068516,0.836947094535993,0.06157849089332177
2019-06-13,-0.004970178926441352,,0.10437375745526839,0.7962226640159046,0.09940357852882704
2019-06-14,-0.049878345498783457,,0.11678832116788321,0.816301703163017,0.06690997566909976
2019-06-15,0.0,,0.046153846153846156,0.9076923076923077,0.046153846153846156
2019-06-16,-0.06711409395973154,,0.14093959731543623,0.785234899328859,0.0738255033557047
2019-06-17,-0.01206140350877193,,0.09978070175438597,0.8125,0.08771929824561403
2019-06-18,0.0255863539445629,,0.07462686567164178,0.8251599147121536,0.10021321961620469
2019-06-19,-0.009211873080859774,,0.1023541453428864,0.804503582395087,0.0931422722620266
2019-06-20,0.02574257425742574,,0.09603960396039604,0.7821782178217822,0.12178217821782178
2019-06-21,-0.0491183879093199,,0.1297229219143577,0.7896725440806045,0.08060453400503778
2019-06-22,0.13846153846153847,,0.03076923076923077,0.8,0.16923076923076924
2019-06-23,-0.07142857142857142,,0.14285714285714285,0.7857142857142857,0.07142857142857142
2019-06-24,-0.0023612750885478157,,0.09681227863046045,0.8087367178276269,0.09445100354191263
2019-06-25,-0.09158679446219382,,0.14270500532481364,0.8061767838125665,0.051118210862619806
2019-06-26,-0.03641207815275311,,0.10746003552397869,0.8214920071047958,0.07104795737122557
2019-06-27,-0.003009027081243731,,0.10030090270812438,0.802407221664995,0.09729187562688064
2019-06-28,0.06296296296296296,,0.0728395061728395,0.7913580246913581,0.13580246913580246
2019-06-29,0.0547945205479452,,0.0958904109589041,0.7534246575342466,0.1506849315068493
2019-06-30,-0.1056338028169014,,0.16901408450704225,0.7676056338028169,0.06338028169014084
2019-07-01,-0.027149321266968326,,0.12330316742081449,0.7805429864253394,0.09615384615384616
2019-07-02,-0.05580865603644647,,0.1366742596810934,0.7824601366742597,0.08086560364464693
2019-07-03,-0.0070838252656434475,,0.10625737898465171,0.79456906729634,0.09917355371900827
2019-07-04,-0.04275534441805225,,0.20665083135391923,0.6294536817102138,0.16389548693586697
2019-07-05,-0.050793650793650794,,0.14603174603174604,0.7587301587301587,0.09523809523809523
2019-07-06,0.0,,0.018518518518518517,0.9629629629629629,0.018518518518518517
2019-07-07,-0.09433962264150944,,0.18867924528301888,0.7169811320754716,0.09433962264150944
2019-07-08,-0.08060747663551401,,0.14953271028037382,0.7815420560747663,0.0689252336448598
2019-07-09,-0.05778301886792453,,0.1474056603773585,0.7629716981132075,0.08962264150943396
2019-07-10,-0.03958333333333333,,0.115625,0.8083333333333333,0.07604166666666666
2019-07-11,-0.008483563096500531,,0.088016967126193,0.8324496288441146,0.07953340402969247
2019-07-12,-0.010178117048346057,,0.09923664122137404,0.811704834605598,0.089058524173028
2019-07-13,0.037037037037037035,,0.018518518518518517,0.9259259259259259,0.05555555555555555
2019-07-14,0.009009009009009009,,0.12612612612612611,0.7387387387387387,0.13513513513513514
2019-07-15,-0.012429378531073447,,0.08248587570621468,0.847457627118644,0.07005649717514124
2019-07-16,-0.004287245444801715,,0.09860664523043944,0.8070739549839229,0.09431939978563773
2019-07-17,-0.04961089494163424,,0.12159533073929961,0.806420233463035,0.07198443579766536
2019-07-18,-0.032803180914512925,,0.09840954274353876,0.8359840954274353,0.06560636182902585
2019-07-19,0.001177856301531213,,0.09422850412249706,0.8103651354534747,0.09540636042402827
2019-07-20,0.018518518518518517,,0.037037037037037035,0.9074074074074074,0.05555555555555555
2019-07-21,-0.06611570247933884,,0.1322314049586777,0.8016528925619835,0.06611570247933884
2019-07-22,-0.023233301064859633,,0.08809293320425944,0.8470474346563408,0.06485963213939981
2019-07-23,0.01504424778761062,,0.06991150442477877,0.8451327433628318,0.08495575221238938
2019-07-24,-0.02027027027027027,,0.08277027027027027,0.8547297297297297,0.0625
2019-07-25,-0.022821576763485476,,0.07538035961272475,0.872060857538036,0.05255878284923928
2019-07-26,0.0028328611898017,,0.07743153918791312,0.842304060434372,0.08026440037771483
2019-07-27,0.0125,,0.0625,0.8625,0.075
2019-07-28,0.03076923076923077,,0.07692307692307693,0.8153846153846154,0.1076923076923077
2019-07-29,-0.04591836734693878,,0.09948979591836735,0.8469387755102041,0.05357142857142857
2019-07-30,-0.03488372093023256,,0.1002906976744186,0.8343023255813954,0.06540697674418605
2019-07-31,-0.05478395061728395,,0.11728395061728394,0.8202160493827161,0.0625
2019-08-01,-0.06423173803526448,,0.11397984886649874,0.836272040302267,0.04974811083123426
2019-08-02,-0.05827505827505827,,0.11888111888111888,0.8205128205128205,0.06060606060606061
2019-08-03,-0.012195121951219513,,0.024390243902439025,0.9634146341463414,0.012195121951219513
2019-08-04,-0.0847457627118644,,0.17796610169491525,0.7288135593220338,0.09322033898305085
2019-08-05,-0.06677265500794913,,0.11685214626391097,0.8330683624801272,0.050079491255961846
2019-08-06,-0.06803218727139722,,0.11338697878566203,0.8412582297000731,0.04535479151426482
2019-08-07,-0.08164739884393063,,0.13367052023121387,0.8143063583815029,0.05202312138728324
2019-08-08,-0.05312275664034458,,0.13208901651112706,0.7889447236180904,0.07896625987078248
2019-08-09,-0.0521557719054242,,0.10152990264255911,0.849095966620306,0.04937413073713491
2019-08-10,0.06741573033707865,,0.0,0.9325842696629213,0.06741573033707865
2019-08-11,-0.06870229007633588,,0.17557251908396945,0.7175572519083969,0.10687022900763359
2019-08-12,-0.04482225656877898,,0.09428129829984544,0.8562596599690881,0.04945904173106646
2019-08-13,-0.04722452361226181,,0.10024855012427507,0.8467274233637117,0.05302402651201325
2019-08-14,-0.05997109826589595,,0.13222543352601157,0.7955202312138728,0.07225433526011561
2019-08-15,-0.035918367346938776,,0.11591836734693878,0.8040816326530612,0.08
2019-08-16,-0.0166270783847981,,0.09026128266033254,0.836104513064133,0.07363420427553444
2019-08-17,-0.1891891891891892,,0.25675675675675674,0.6756756756756757,0.06756756756756757
2019-08-18,0.0,,0.16176470588235295,0.6764705882352942,0.16176470588235295
2019-08-19,-0.006726457399103139,,0.07174887892376682,0.8632286995515696,0.06502242152466367
2019-08-20,-0.03528114663726571,,0.11686879823594266,0.8015435501653804,0.08158765159867695
2019-08-21,0.01026694045174538,,0.08932238193018481,0.811088295687885,0.09958932238193019
2019-08-22,-0.04314720812182741,,0.1218274111675127,0.799492385786802,0.07868020304568528
2019-08-23,-0.08176691729323309,,0.14097744360902256,0.799812030075188,0.05921052631578947
2019-08-24,-0.19428571428571428,,0.2857142857142857,0.6228571428571429,0.09142857142857143
2019-08-25,-0.056768558951965066,,0.12663755458515283,0.8034934497816594,0.06986899563318777
2019-08-26,-0.010980392156862745,,0.06509803921568627,0.8807843137254902,0.05411764705882353
2019-08-27,-0.023138105567606652,,0.08966015907447578,0.8438177874186551,0.06652205350686913
2019-08-28,0.0,,0.05180533751962323,0.8963893249607535,0.05180533751962323
2019-08-29,-0.0036496350364963502,,0.025547445255474453,0.9525547445255474,0.021897810218978103
2019-08-30,-0.011111111111111112,,0.03333333333333333,0.9444444444444444,0.022222222222222223
2019-08-31,0.04081632653061224,,0.02040816326530612,0.9183673469387755,0.061224489795918366
2019-09-01,-0.046153846153846156,,0.06153846153846154,0.9230769230769231,0.015384615384615385
2019-09-02,-0.046632124352331605,,0.06735751295336788,0.9119170984455959,0.02072538860103627
2019-09-03,-0.008960573476702509,,0.03046594982078853,0.9480286738351255,0.021505376344086023
2019-09-04,-0.008278145695364239,,0.048013245033112585,0.9122516556291391,0.039735099337748346
2019-09-05,-0.011220196353436185,,0.04488078541374474,0.9214586255259467,0.033660589060308554
2019-09-06,-0.01730103806228374,,0.04498269896193772,0.9273356401384083,0.02768166089965398
2019-09-07,-0.02702702702702703,,0.04054054054054054,0.9459459459459459,0.013513513513513514
2019-09-08,-0.022222222222222223,,0.05555555555555555,0.9111111111111111,0.03333333333333333
2019-09-09,-0.0017421602787456446,,0.041811846689895474,0.9181184668989547,0.04006968641114982
2019-09-10,0.0,,0.032,0.936,0.032
2019-09-11,0.0016501650165016502,,0.037953795379537955,0.9224422442244224,0.039603960396039604
2019-09-12,0.005714285714285714,,0.02142857142857143,0.9514285714285714,0.027142857142857142
2019-09-13,0.007220216606498195,,0.02888086642599278,0.9350180505415162,0.036101083032490974
2019-09-14,0.0,,0.02631578947368421,0.9473684210526315,0.02631578947368421
2019-09-15,-0.04040404040404041,,0.04040404040404041,0.9595959595959596,0.0
2019-09-16,-0.004392386530014641,,0.013177159590043924,0.9780380673499268,0.008784773060029283
2019-09-17,0.0047694753577106515,,0.012718600953895072,0.9697933227344993,0.017488076311605722
2019-09-18,-0.0014144271570014145,,0.02545968882602546,0.9504950495049505,0.024045261669024046
2019-09-19,-0.006389776357827476,,0.03194888178913738,0.9424920127795527,0.025559105431309903
2019-09-20,0.0064516129032258064,,0.01935483870967742,0.9548387096774194,0.025806451612903226
2019-09-21,0.0,,0.0,1.0,0.0
2019-09-22,-0.05555555555555555,,0.2222222222222222,0.6111111111111112,0.16666666666666666
2019-09-23,-0.011086474501108648,,0.028824833702882482,0.9534368070953437,0.017738359201773836
2019-09-24,0.01882845188284519,,0.012552301255230125,0.9560669456066946,0.03138075313807531
2019-09-25,0.0,,0.017786561264822136,0.9644268774703557,0.017786561264822136
2019-09-26,0.00684931506849315,,0.01643835616438356,0.9602739726027397,0.023287671232876714
2019-09-27,0.018218623481781375,,0.018218623481781375,0.9453441295546559,0.03643724696356275
2019-09-28,0.02247191011235955,,0.0,0.9775280898876404,0.02247191011235955
2019-09-29,-0.011111111111111112,,0.044444444444444446,0.9222222222222223,0.03333333333333333
2019-09-30,0.0072992700729927005,,0.023722627737226276,0.9452554744525548,0.03102189781021898
2019-10-01,0.011363636363636364,,0.026515151515151516,0.9356060606060606,0.03787878787878788
2019-10-02,-0.001519756838905775,,0.02127659574468085,0.958966565349544,0.019756838905775075
2019-10-03,0.001451378809869376,,0.01741654571843251,0.9637155297532656,0.018867924528301886
2019-10-04,0.008298755186721992,,0.03112033195020747,0.9294605809128631,0.03941908713692946
2019-10-05,-0.06976744186046512,,0.06976744186046512,0.9302325581395349,0.0
2019-10-06,-0.010526315789473684,,0.021052631578947368,0.968421052631579,0.010526315789473684
2019-10-07,0.0,,0.03773584905660377,0.9245283018867925,0.03773584905660377
2019-10-08,-0.008741258741258742,,0.045454545454545456,0.9178321678321678,0.03671328671328671
2019-10-09,-0.02226027397260274,,0.046232876712328765,0.9297945205479452,0.023972602739726026
2019-10-10,-0.01011804384485666,,0.03204047217537943,0.9460370994940978,0.021922428330522766
2019-10-11,0.017915309446254073,,0.021172638436482084,0.9397394136807817,0.03908794788273615
2019-10-12,0.01282051282051282,,0.0,0.9871794871794872,0.01282051282051282
2019-10-13,0.009009009009009009,,0.0,0.990990990990991,0.009009009009009009
2019-10-14,-0.011450381679389313,,0.022900763358778626,0.9656488549618321,0.011450381679389313
2019-10-15,0.01990049751243781,,0.01658374792703151,0.9469320066334992,0.03648424543946932
2019-10-16,0.005578800557880056,,0.012552301255230125,0.9693165969316597,0.01813110181311018
2019-10-17,0.014204545454545454,,0.017992424242424244,0.9498106060606061,0.032196969696969696
2019-10-18,-0.011965811965811967,,0.02735042735042735,0.9572649572649573,0.015384615384615385
2019-10-19,0.0392156862745098,,0.0,0.9607843137254902,0.0392156862745098
2019-10-20,-0.028846153846153848,,0.038461538461538464,0.9519230769230769,0.009615384615384616
2019-10-21,-0.005284015852047556,,0.015852047556142668,0.9735799207397622,0.010568031704095112
2019-10-22,0.0066050198150594455,,0.022457067371202115,0.9484808454425363,0.02906208718626156
2019-10-23,-0.0009107468123861566,,0.020947176684881604,0.9590163934426229,0.020036429872495445
2019-10-24,0.0,,0.023413897280966767,0.9531722054380665,0.023413897280966767
2019-10-25,0.006072874493927126,,0.01417004048582996,0.9655870445344129,0.020242914979757085
2019-10-26,0.0,,0.0,1.0,0.0
2019-10-27,-0.010526315789473684,,0.010526315789473684,0.9894736842105263,0.0
2019-10-28,-0.013280212483399735,,0.03054448871181939,0.952191235059761,0.017264276228419653
2019-10-29,-0.010156971375807941,,0.02585410895660203,0.9584487534626038,0.01569713758079409
2019-10-30,-0.011834319526627219,,0.027366863905325445,0.9571005917159763,0.015532544378698224
2019-10-31,-0.017945544554455444,,0.03217821782178218,0.9535891089108911,0.014232673267326733
2019-11-01,0.0030241935483870967,,0.021169354838709676,0.9546370967741935,0.024193548387096774
2019-11-02,-0.006756756756756757,,0.013513513513513514,0.9797297297297297,0.006756756756756757
2019-11-03,-0.01904761904761905,,0.047619047619047616,0.9238095238095239,0.02857142857142857
2019-11-04,-0.02617801047120419,,0.04842931937172775,0.9293193717277487,0.02225130890052356
2019-11-05,-0.03259911894273128,,0.050220264317180616,0.93215859030837,0.01762114537444934
2019-11-06,-0.04556962025316456,,0.06835443037974684,0.9088607594936708,0.02278481012658228
2019-11-07,-0.042488619119878605,,0.06904400606980274,0.9044006069802731,0.026555386949924126
2019-11-08,-0.026345933562428408,,0.049255441008018326,0.9278350515463918,0.022909507445589918
2019-11-09,0.0,,0.012345679012345678,0.9753086419753086,0.012345679012345678
2019-11-10,0.0,,0.034482758620689655,0.9310344827586207,0.034482758620689655
2019-11-11,-0.02464788732394366,,0.04401408450704225,0.9366197183098591,0.01936619718309859
2019-11-12,-0.0644361833952912,,0.080545229244114,0.9033457249070632,0.0161090458488228
2019-11-13,-0.020134228187919462,,0.05906040268456376,0.9020134228187919,0.038926174496644296
2019-11-14,-0.00904977375565611,,0.048265460030165915,0.9125188536953243,0.0392156862745098
2019-11-15,-0.020703933747412008,,0.033126293995859216,0.9544513457556936,0.012422360248447204
2019-11-16,0.011111111111111112,,0.022222222222222223,0.9444444444444444,0.03333333333333333
2019-11-17,-0.009259259259259259,,0.027777777777777776,0.9537037037037037,0.018518518518518517
2019-11-18,0.0029985007496251873,,0.020989505247376312,0.9550224887556222,0.0239880059970015
2019-11-19,0.00303951367781155,,0.02735562310030395,0.9422492401215805,0.030395136778115502
2019-11-20,-0.009404388714733543,,0.025078369905956112,0.9592476489028213,0.01567398119122257
2019-11-21,-0.04292168674698795,,0.11671686746987951,0.8094879518072289,0.07379518072289157
2019-11-22,-0.002061855670103093,,0.03505154639175258,0.931958762886598,0.032989690721649485
2019-11-23,-0.010752688172043012,,0.021505376344086023,0.967741935483871,0.010752688172043012
2019-11-24,0.02857142857142857,,0.009523809523809525,0.9523809523809523,0.0380952380952381
2019-11-25,0.020146520146520148,,0.016483516483516484,0.9468864468864469,0.03663003663003663
2019-11-26,0.023291925465838508,,0.010869565217391304,0.9549689440993789,0.034161490683229816
2019-11-27,0.0076103500761035,,0.0273972602739726,0.9375951293759512,0.0350076103500761
2019-11-28,0.012711864406779662,,0.029661016949152543,0.9279661016949152,0.0423728813559322
2019-11-29,0.0,,0.029045643153526972,0.941908713692946,0.029045643153526972
2019-11-30,0.03278688524590164,,0.0,0.9672131147540983,0.03278688524590164
2019-12-01,0.0,,0.022222222222222223,0.9555555555555556,0.022222222222222223
2019-12-02,0.0,,0.03590664272890485,0.9281867145421903,0.03590664272890485
2019-12-03,-0.014005602240896359,,0.04061624649859944,0.9327731092436975,0.02661064425770308
2019-12-04,-0.0030211480362537764,,0.0377643504531722,0.9274924471299094,0.03474320241691843
2019-12-05,0.010596026490066225,,0.030463576158940398,0.928476821192053,0.04105960264900662
2019-12-06,0.019064124783362217,,0.025996533795493933,0.92894280762565,0.045060658578856154
2019-12-07,0.03409090909090909,,0.0,0.9659090909090909,0.03409090909090909
2019-12-08,0.0,,0.021052631578947368,0.9578947368421052,0.021052631578947368
2019-12-09,0.007633587786259542,,0.02099236641221374,0.950381679389313,0.02862595419847328
2019-12-10,0.01779935275080906,,0.019417475728155338,0.9433656957928802,0.0372168284789644
2019-12-11,0.0,,0.0256,0.9488,0.0256
2019-12-12,0.01349527665317139,,0.022941970310391364,0.9406207827260459,0.03643724696356275
2019-12-13,0.00945179584120983,,0.00945179584120983,0.9716446124763705,0.01890359168241966
2019-12-14,0.0,,0.022988505747126436,0.9540229885057471,0.022988505747126436
2019-12-15,-0.02,,0.02,0.98,0.0
2019-12-16,0.012987012987012988,,0.025974025974025976,0.935064935064935,0.03896103896103896
2019-12-17,0.01001669449081803,,0.01669449081803005,0.9565943238731218,0.02671118530884808
2019-12-18,0.008169934640522876,,0.0196078431372549,0.9526143790849673,0.027777777777777776
2019-12-19,0.001694915254237288,,0.0288135593220339,0.940677966101695,0.030508474576271188
2019-12-20,0.0037105751391465678,,0.029684601113172542,0.9369202226345084,0.03339517625231911
2019-12-21,0.0,,0.010526315789473684,0.9789473684210527,0.010526315789473684
2019-12-22,-0.024390243902439025,,0.032520325203252036,0.959349593495935,0.008130081300813009
2019-12-23,0.01854714064914992,,0.00927357032457496,0.9629057187017002,0.027820710973724884
2019-12-24,0.017660044150110375,,0.01545253863134658,0.9514348785871964,0.033112582781456956
2019-12-25,-0.023809523809523808,,0.03571428571428571,0.9523809523809523,0.011904761904761904
2019-12-26,0.013157894736842105,,0.021929824561403508,0.9429824561403509,0.03508771929824561
2019-12-27,0.027600849256900213,,0.010615711252653927,0.9511677282377919,0.03821656050955414
2019-12-28,0.015151515151515152,,0.0,0.9848484848484849,0.015151515151515152
2019-12-29,0.0,,0.012987012987012988,0.974025974025974,0.012987012987012988
2019-12-30,0.0365296803652968,,0.0091324200913242,0.9452054794520548,0.045662100456621
2019-12-31,0.029978586723768737,,0.006423982869379015,0.9571734475374732,0.03640256959314775
2020-01-01,0.01639344262295082,,0.01639344262295082,0.9508196721311475,0.03278688524590164
2020-01-02,0.04979253112033195,,0.002074688796680498,0.946058091286307,0.05186721991701245
2020-01-03,-0.0016891891891891893,,0.02364864864864865,0.9543918918918919,0.02195945945945946
2020-01-04,0.02247191011235955,,0.02247191011235955,0.9325842696629213,0.0449438202247191
2020-01-05,-0.02727272727272727,,0.045454545454545456,0.9363636363636364,0.01818181818181818
2020-01-06,0.0017667844522968198,,0.030035335689045935,0.9381625441696113,0.03180212014134275
2020-01-07,0.032467532467532464,,0.021103896103896104,0.9253246753246753,0.05357142857142857
2020-01-08,-0.009817671809256662,,0.033660589060308554,0.9424964936886395,0.023842917251051893
2020-01-09,-0.002638522427440633,,0.03825857519788918,0.9261213720316622,0.03562005277044855
2020-01-10,-0.018867924528301886,,0.04974271012006861,0.9193825042881647,0.030874785591766724
2020-01-11,0.0,,0.028037383177570093,0.9439252336448598,0.028037383177570093
2020-01-12,0.0,,0.034482758620689655,0.9310344827586207,0.034482758620689655
2020-01-13,0.029079159935379646,,0.01615508885298869,0.938610662358643,0.045234248788368334
2020-01-14,0.010526315789473684,,0.02857142857142857,0.9323308270676691,0.039097744360902256
2020-01-15,0.017118402282453638,,0.021398002853067047,0.9400855920114123,0.03851640513552068
2020-01-16,-0.007102272727272727,,0.03409090909090909,0.9389204545454546,0.026988636363636364
2020-01-17,0.017857142857142856,,0.012987012987012988,0.9561688311688312,0.030844155844155844
2020-01-18,0.04395604395604396,,0.01098901098901099,0.9340659340659341,0.054945054945054944
2020-01-19,0.03773584905660377,,0.0,0.9622641509433962,0.03773584905660377
2020-01-20,-0.14285714285714285,,0.22857142857142856,0.6857142857142857,0.08571428571428572
2020-01-21,0.012048192771084338,,0.07228915662650602,0.8433734939759037,0.08433734939759036
2020-01-22,0.027777777777777776,,0.041666666666666664,0.8888888888888888,0.06944444444444445
2020-01-23,0.038461538461538464,,0.038461538461538464,0.8846153846153846,0.07692307692307693
2020-01-24,0.0017574692442882249,,0.019332161687170474,0.9595782073813708,0.0210896309314587
2020-01-25,0.011363636363636364,,0.0,0.9886363636363636,0.011363636363636364
2020-01-26,-0.01098901098901099,,0.03296703296703297,0.945054945054945,0.02197802197802198
2020-01-27,-0.018258426966292134,,0.026685393258426966,0.9648876404494382,0.008426966292134831
2020-01-28,0.0012578616352201257,,0.02012578616352201,0.9584905660377359,0.021383647798742137
2020-01-29,-0.0010504201680672268,,0.018907563025210083,0.9632352941176471,0.017857142857142856
2020-01-30,-0.004893964110929853,,0.022838499184339316,0.9592169657422512,0.01794453507340946
2020-01-31,-0.004914004914004914,,0.020884520884520884,0.9631449631449631,0.01597051597051597
2020-02-01,0.0,,0.0,1.0,0.0
2020-02-02,-0.038834951456310676,,0.06796116504854369,0.9029126213592233,0.02912621359223301
2020-02-03,-0.0027472527472527475,,0.0260989010989011,0.9505494505494505,0.023351648351648352
2020-02-04,-0.0030181086519114686,,0.028169014084507043,0.9466800804828974,0.025150905432595575
2020-02-05,-0.015888778550148957,,0.041708043694141016,0.9324726911618669,0.025819265143992055
2020-02-06,-0.011990407673860911,,0.03597122302158273,0.9400479616306955,0.023980815347721823
2020-02-07,-0.017766497461928935,,0.03807106598984772,0.9416243654822335,0.02030456852791878
2020-02-08,-0.00437636761487965,,0.0525164113785558,0.899343544857768,0.04814004376367615
2020-02-09,-0.05357142857142857,,0.07142857142857142,0.9107142857142857,0.017857142857142856
2020-02-10,-0.030911901081916538,,0.05255023183925812,0.9258114374034003,0.021638330757341576
2020-02-11,-0.00935672514619883,,0.021052631578947368,0.9672514619883041,0.011695906432748537
2020-02-12,-0.021839080459770115,,0.0367816091954023,0.9482758620689655,0.014942528735632184
2020-02-13,-0.01958955223880597,,0.03544776119402985,0.9486940298507462,0.01585820895522388
2020-02-14,-0.009345794392523364,,0.030707610146862484,0.9479305740987984,0.021361815754339118
2020-02-15,-0.03669724770642202,,0.03669724770642202,0.963302752293578,0.0
2020-02-16,-0.009900990099009901,,0.009900990099009901,0.9900990099009901,0.0
2020-02-17,-0.026615969581749048,,0.045627376425855515,0.935361216730038,0.019011406844106463
2020-02-18,-0.016638935108153077,,0.03826955074875208,0.940099833610649,0.021630615640599003
2020-02-19,0.010011123470522803,,0.030033370411568408,0.9299221357063404,0.04004449388209121
2020-02-20,-0.014911463187325256,,0.032618825722273995,0.9496738117427772,0.017707362534948742
2020-02-21,-0.011933174224343675,,0.027446300715990454,0.9570405727923628,0.015513126491646777
2020-02-22,-0.01652892561983471,,0.03305785123966942,0.9504132231404959,0.01652892561983471
2020-02-23,-0.037383177570093455,,0.04672897196261682,0.9439252336448598,0.009345794392523364
2020-02-24,-0.02481902792140641,,0.038262668045501554,0.9482936918304034,0.01344364012409514
2020-02-25,-0.026148969889064975,,0.03724247226624406,0.9516640253565769,0.011093502377179081
2020-02-26,-0.020193861066235864,,0.04038772213247173,0.9394184168012925,0.020193861066235864
2020-02-27,-0.032107023411371234,,0.046153846153846156,0.939799331103679,0.014046822742474917
2020-02-28,-0.02780269058295964,,0.042152466367713005,0.9434977578475336,0.014349775784753363
2020-02-29,0.008333333333333333,,0.016666666666666666,0.9583333333333334,0.025
2020-03-01,-0.0196078431372549,,0.049019607843137254,0.9215686274509803,0.029411764705882353
2020-03-02,-0.036011080332409975,,0.060941828254847646,0.9141274238227147,0.024930747922437674
2020-03-03,-0.04018912529550828,,0.061465721040189124,0.91725768321513,0.02127659574468085
2020-03-04,-0.013681592039800995,,0.04975124378109453,0.914179104477612,0.036069651741293535
2020-03-05,-0.05476673427991886,,0.06693711967545639,0.920892494929006,0.012170385395537525
2020-03-06,-0.02100840336134454,,0.04341736694677871,0.9341736694677871,0.022408963585434174
2020-03-07,-0.021739130434782608,,0.021739130434782608,0.9782608695652174,0.0
2020-03-08,-0.06557377049180328,,0.08196721311475409,0.9016393442622951,0.01639344262295082
2020-03-09,-0.05275779376498801,,0.07194244604316546,0.9088729016786571,0.019184652278177457
2020-03-10,-0.010844306738962044,,0.025561580170410533,0.959721146398141,0.01471727343144849
2020-03-11,-0.02631578947368421,,0.05124653739612189,0.9238227146814404,0.024930747922437674
2020-03-12,-0.0432780847145488,,0.05432780847145488,0.934622467771639,0.011049723756906077
2020-03-13,-0.014745308310991957,,0.03485254691689008,0.9450402144772118,0.020107238605898123
2020-03-14,-0.0196078431372549,,0.0196078431372549,0.9803921568627451,0.0
2020-03-15,-0.029197080291970802,,0.06569343065693431,0.8978102189781022,0.0364963503649635
2020-03-16,-0.05751633986928104,,0.06928104575163399,0.918954248366013,0.011764705882352941
2020-03-17,-0.01297016861219196,,0.0324254215304799,0.9481193255512321,0.019455252918287938
2020-03-18,-0.03409090909090909,,0.04671717171717172,0.9406565656565656,0.012626262626262626
2020-03-19,-0.01879194630872483,,0.040268456375838924,0.938255033557047,0.021476510067114093
2020-03-20,-0.010189228529839884,,0.03784570596797671,0.9344978165938864,0.027656477438136828
2020-03-21,-0.020202020202020204,,0.050505050505050504,0.9191919191919192,0.030303030303030304
2020-03-22,-0.04310344827586207,,0.05172413793103448,0.9396551724137931,0.008620689655172414
2020-03-23,-0.03241296518607443,,0.03961584633853541,0.9531812725090036,0.007202881152460984
2020-03-24,0.0012706480304955528,,0.0241423125794155,0.9504447268106735,0.025412960609911054
2020-03-25,0.01045751633986928,,0.022222222222222223,0.9450980392156862,0.032679738562091505
2020-03-26,-0.0044943820224719105,,0.02359550561797753,0.9573033707865168,0.019101123595505618
2020-03-27,-0.02881844380403458,,0.043227665706051875,0.9423631123919308,0.01440922190201729
2020-03-28,-0.0273972602739726,,0.0410958904109589,0.9452054794520548,0.0136986301369863
2020-03-29,-0.021052631578947368,,0.042105263157894736,0.9368421052631579,0.021052631578947368
2020-03-30,-0.02586206896551724,,0.04597701149425287,0.9339080459770115,0.020114942528735632
2020-03-31,-0.0070921985815602835,,0.032624113475177303,0.9418439716312057,0.02553191489361702
2020-04-01,-0.013927576601671309,,0.036211699164345405,0.9415041782729805,0.022284122562674095
2020-04-02,-0.021377672209026127,,0.04513064133016627,0.9311163895486936,0.023752969121140142
2020-04-03,-0.061764705882352944,,0.07794117647058824,0.9058823529411765,0.016176470588235296
2020-04-04,-0.036036036036036036,,0.04504504504504504,0.9459459459459459,0.009009009009009009
2020-04-05,-0.07317073170731707,,0.0975609756097561,0.8780487804878049,0.024390243902439025
2020-04-06,-0.04054054054054054,,0.06156156156156156,0.9174174174174174,0.021021021021021023
2020-04-07,-0.011577424023154847,,0.049204052098408106,0.9131693198263386,0.03762662807525326
2020-04-08,-0.04591104734576758,,0.06169296987087518,0.9225251076040172,0.015781922525107604
2020-04-09,-0.015116279069767442,,0.029069767441860465,0.9569767441860465,0.013953488372093023
2020-04-10,-0.026595744680851064,,0.026595744680851064,0.973404255319149,0.0
2020-04-11,0.0,,0.01282051282051282,0.9743589743589743,0.01282051282051282
2020-04-12,-0.010752688172043012,,0.03225806451612903,0.946236559139785,0.021505376344086023
2020-04-13,-0.011673151750972763,,0.0311284046692607,0.9494163424124513,0.019455252918287938
2020-04-14,0.0014245014245014246,,0.027065527065527065,0.9444444444444444,0.02849002849002849
2020-04-15,-0.008356545961002786,,0.026462395543175487,0.9554317548746518,0.018105849582172703
2020-04-16,-0.003658536585365854,,0.026829268292682926,0.95,0.023170731707317073
2020-04-17,0.0014792899408284023,,0.026627218934911243,0.9452662721893491,0.028106508875739646
2020-04-18,0.008771929824561403,,0.008771929824561403,0.9736842105263158,0.017543859649122806
2020-04-19,0.008695652173913044,,0.008695652173913044,0.9739130434782609,0.017391304347826087
2020-04-20,-0.008928571428571428,,0.026785714285714284,0.9553571428571429,0.017857142857142856
2020-04-21,-0.002506265664160401,,0.023809523809523808,0.9548872180451128,0.021303258145363407
2020-04-22,-0.017857142857142856,,0.031512605042016806,0.9548319327731093,0.01365546218487395
2020-04-23,-0.008842443729903537,,0.023311897106109324,0.9622186495176849,0.014469453376205787
2020-04-24,-0.007434944237918215,,0.023543990086741014,0.9603469640644362,0.0161090458488228
2020-04-25,0.046153846153846156,,0.0,0.9538461538461539,0.046153846153846156
2020-04-26,-0.009259259259259259,,0.018518518518518517,0.9722222222222222,0.009259259259259259
2020-04-27,-0.01740139211136891,,0.03248259860788863,0.9524361948955916,0.015081206496519721
2020-04-28,-0.02464788732394366,,0.03873239436619718,0.9471830985915493,0.014084507042253521
2020-04-29,-0.017266187050359712,,0.03381294964028777,0.9496402877697842,0.016546762589928057
2020-04-30,-0.03500301750150875,,0.045866022933011466,0.9432709716354858,0.010863005431502716
2020-05-01,-0.02737226277372263,,0.03467153284671533,0.958029197080292,0.0072992700729927005
2020-05-02,-0.005494505494505495,,0.027472527472527472,0.9505494505494505,0.02197802197802198
2020-05-03,0.00847457627118644,,0.0423728813559322,0.9067796610169492,0.05084745762711865
2020-05-04,-0.06587615283267458,,0.077733860342556,0.9104084321475626,0.011857707509881422
2020-05-05,-0.03350970017636684,,0.06084656084656084,0.9118165784832452,0.027336860670194002
2020-05-06,-0.04240555127216654,,0.06245181187355436,0.9175019275250579,0.020046260601387818
2020-05-07,-0.0475177304964539,,0.062411347517730496,0.922695035460993,0.014893617021276596
2020-05-08,-0.03275529865125241,,0.049132947976878616,0.9344894026974951,0.016377649325626204
2020-05-09,-0.005797101449275362,,0.011594202898550725,0.9826086956521739,0.005797101449275362
2020-05-10,-0.023529411764705882,,0.029411764705882353,0.9647058823529412,0.0058823529411764705
2020-05-11,-0.0665163472378805,,0.0992108229988726,0.8680947012401353,0.03269447576099211
2020-05-12,-0.0359955005624297,,0.0562429696287964,0.9235095613048369,0.020247469066366704
2020-05-13,-0.021621621621621623,,0.05405405405405406,0.9135135135135135,0.032432432432432434
2020-05-14,-0.048458149779735685,,0.07048458149779736,0.9074889867841409,0.022026431718061675
2020-05-15,-0.009575923392612859,,0.03419972640218878,0.9411764705882353,0.024623803009575923
2020-05-16,-0.06666666666666667,,0.06666666666666667,0.9333333333333333,0.0
2020-05-17,-0.03773584905660377,,0.04716981132075472,0.9433962264150944,0.009433962264150943
2020-05-18,0.0014771048744460858,,0.03545051698670606,0.9276218611521418,0.03692762186115214
2020-05-19,-0.011577424023154847,,0.03473227206946455,0.9421128798842258,0.023154848046309694
2020-05-20,-0.02531645569620253,,0.04360056258790436,0.9381153305203939,0.01828410689170183
2020-05-21,-0.017167381974248927,,0.04005722460658083,0.9370529327610873,0.022889842632331903
2020-05-22,-0.021660649819494584,,0.04512635379061372,0.9314079422382672,0.023465703971119134
2020-05-23,-0.04395604395604396,,0.054945054945054944,0.9340659340659341,0.01098901098901099
2020-05-24,0.0,,0.023529411764705882,0.9529411764705882,0.023529411764705882
2020-05-25,-0.007407407407407408,,0.07407407407407407,0.8592592592592593,0.06666666666666667
2020-05-26,0.009630818619582664,,0.027287319422150885,0.9357945425361156,0.03691813804173355
2020-05-27,0.0025380710659898475,,0.03807106598984772,0.9213197969543148,0.04060913705583756
2020-05-28,-0.02092050209205021,,0.049163179916317995,0.9225941422594143,0.028242677824267783
2020-05-29,-0.004366812227074236,,0.03784570596797671,0.9286754002911208,0.033478893740902474
2020-05-30,0.011235955056179775,,0.02247191011235955,0.9438202247191011,0.033707865168539325
2020-05-31,-0.02247191011235955,,0.02247191011235955,0.9775280898876404,0.0
2020-06-01,0.014729950900163666,,0.01800327332242226,0.9492635024549918,0.03273322422258593
2020-06-02,0.014641288433382138,,0.024890190336749635,0.9355783308931186,0.03953147877013177
2020-06-03,0.00853658536585366,,0.036585365853658534,0.9182926829268293,0.045121951219512194
2020-06-04,-0.006749156355455568,,0.04274465691788527,0.9212598425196851,0.0359955005624297
2020-06-05,0.025412960609911054,,0.02795425667090216,0.9186785260482846,0.053367217280813214
2020-06-06,-0.009259259259259259,,0.027777777777777776,0.9537037037037037,0.018518518518518517
2020-06-07,-0.020618556701030927,,0.030927835051546393,0.9587628865979382,0.010309278350515464
2020-06-08,0.013605442176870748,,0.031292517006802724,0.9238095238095239,0.044897959183673466
2020-06-09,-0.013123359580052493,,0.04330708661417323,0.926509186351706,0.030183727034120734
2020-06-10,-0.016216216216216217,,0.05,0.9162162162162162,0.033783783783783786
2020-06-11,-0.02140309155766944,,0.039239001189060645,0.9429250891795482,0.0178359096313912
2020-06-12,-0.04582651391162029,,0.058919803600654665,0.9279869067103109,0.01309328968903437
2020-06-13,0.010752688172043012,,0.0,0.989247311827957,0.010752688172043012
2020-06-14,-0.008928571428571428,,0.008928571428571428,0.9910714285714286,0.0
2020-06-15,0.009404388714733543,,0.0219435736677116,0.9467084639498433,0.03134796238244514
2020-06-16,-0.0030441400304414,,0.030441400304414,0.9421613394216134,0.0273972602739726
2020-06-17,-0.001466275659824047,,0.03519061583577713,0.9310850439882697,0.03372434017595308
2020-06-18,-0.007246376811594203,,0.036231884057971016,0.9347826086956522,0.028985507246376812
2020-06-19,0.00425531914893617,,0.01702127659574468,0.9617021276595744,0.02127659574468085
2020-06-20,0.0,,0.021052631578947368,0.9578947368421052,0.021052631578947368
2020-06-21,0.025423728813559324,,0.00847457627118644,0.9576271186440678,0.03389830508474576
2020-06-22,0.0016638935108153079,,0.036605657237936774,0.9251247920133111,0.03826955074875208
2020-06-23,-0.010294117647058823,,0.033823529411764704,0.9426470588235294,0.023529411764705882
2020-06-24,-0.024320457796852647,,0.045779685264663805,0.932761087267525,0.02145922746781116
2020-06-25,-0.013079667063020214,,0.034482758620689655,0.9441141498216409,0.02140309155766944
2020-06-26,-0.006482982171799027,,0.03241491085899514,0.9416531604538088,0.02593192868719611
2020-06-27,0.0,,0.010638297872340425,0.9787234042553191,0.010638297872340425
2020-06-28,-0.030303030303030304,,0.050505050505050504,0.9292929292929293,0.020202020202020204
2020-06-29,-0.006349206349206349,,0.03968253968253968,0.926984126984127,0.03333333333333333
2020-06-30,-0.01199400299850075,,0.03298350824587706,0.9460269865067467,0.020989505247376312
2020-07-01,-0.0013869625520110957,,0.04160887656033287,0.9181692094313454,0.04022191400832178
2020-07-02,-0.007712082262210797,,0.03470437017994859,0.9383033419023136,0.02699228791773779
2020-07-03,-0.023715415019762844,,0.06719367588932806,0.8893280632411067,0.043478260869565216
2020-07-04,-0.09090909090909091,,0.09090909090909091,0.9090909090909091,0.0
2020-07-05,-0.056074766355140186,,0.07476635514018691,0.9065420560747663,0.018691588785046728
2020-07-06,0.008912655971479501,,0.040998217468805706,0.9090909090909091,0.049910873440285206
2020-07-07,-0.01906158357771261,,0.045454545454545456,0.9281524926686217,0.026392961876832845
2020-07-08,-0.009575923392612859,,0.0506155950752394,0.908344733242134,0.04103967168262654
2020-07-09,-0.00639386189258312,,0.04092071611253197,0.9245524296675192,0.034526854219948847
2020-07-10,-0.006644518272425249,,0.03156146179401993,0.9435215946843853,0.024916943521594685
2020-07-11,0.0,,0.025,0.95,0.025
2020-07-12,0.02,,0.0,0.98,0.02
2020-07-13,-0.00676818950930626,,0.038917089678511,0.9289340101522843,0.032148900169204735
2020-07-14,-0.011347517730496455,,0.03971631205673759,0.9319148936170213,0.028368794326241134
2020-07-15,0.014669926650366748,,0.023227383863080684,0.9388753056234719,0.037897310513447434
2020-07-16,0.0071794871794871795,,0.019487179487179488,0.9538461538461539,0.02666666666666667
2020-07-17,-0.005263157894736842,,0.025,0.9552631578947368,0.019736842105263157
2020-07-18,-0.00847457627118644,,0.01694915254237288,0.9745762711864406,0.00847457627118644
2020-07-19,-0.04,,0.04,0.96,0.0
2020-07-20,0.0167427701674277,,0.0213089802130898,0.9406392694063926,0.0380517503805175
2020-07-21,0.0011750881316098707,,0.025851938895417155,0.9471210340775558,0.02702702702702703
2020-07-22,-0.01,,0.036,0.938,0.026
2020-07-23,-0.02397525135344161,,0.037122969837587005,0.9497293116782676,0.013147718484145398
2020-07-24,-0.0011350737797956867,,0.032917139614074914,0.9353007945516458,0.03178206583427923
2020-07-25,-0.007936507936507936,,0.015873015873015872,0.9761904761904762,0.007936507936507936
2020-07-26,0.0,,0.0196078431372549,0.9607843137254902,0.0196078431372549
2020-07-27,-0.01591187270501836,,0.03671970624235006,0.9424724602203183,0.0208078335373317
2020-07-28,-0.0236013986013986,,0.038461538461538464,0.9466783216783217,0.01486013986013986
2020-07-29,-0.03099630996309963,,0.04870848708487085,0.933579335793358,0.017712177121771217
2020-07-30,-0.04226227470478558,,0.05469235550031075,0.9328775637041641,0.012430080795525171
2020-07-31,-0.0247320692497939,,0.04534212695795548,0.9340478153338829,0.020610057708161583
2020-08-01,0.0,,0.017857142857142856,0.9642857142857143,0.017857142857142856
2020-08-02,-0.008771929824561403,,0.02631578947368421,0.956140350877193,0.017543859649122806
2020-08-03,-0.02916160388821385,,0.04738760631834751,0.9343863912515188,0.018226002430133656
2020-08-04,-0.0632688927943761,,0.08260105448154657,0.8980667838312829,0.019332161687170474
2020-08-05,-0.05807002561912895,,0.07514944491887275,0.9077711357813835,0.017079419299743808
2020-08-06,-0.06539923954372624,,0.08897338403041825,0.8874524714828897,0.023574144486692015
2020-08-07,-0.046218487394957986,,0.059873949579831935,0.9264705882352942,0.01365546218487395
2020-08-08,0.012422360248447204,,0.006211180124223602,0.9751552795031055,0.018633540372670808
2020-08-09,0.011235955056179775,,0.033707865168539325,0.9213483146067416,0.0449438202247191
2020-08-10,-0.09020618556701031,,0.1211340206185567,0.8479381443298969,0.030927835051546393
2020-08-11,-0.022871664548919948,,0.054637865311308764,0.9135959339263025,0.03176620076238882
2020-08-12,-0.021238938053097345,,0.05309734513274336,0.9150442477876106,0.03185840707964602
2020-08-13,-0.03825136612021858,,0.061930783242258654,0.9143897996357013,0.023679417122040074
2020-08-14,-0.02412280701754386,,0.06140350877192982,0.9013157894736842,0.03728070175438596
2020-08-15,-0.009433962264150943,,0.02830188679245283,0.9528301886792453,0.018867924528301886
2020-08-16,0.02197802197802198,,0.01098901098901099,0.9560439560439561,0.03296703296703297
2020-08-17,0.003590664272890485,,0.019748653500897665,0.9569120287253142,0.02333931777378815
2020-08-18,-0.01361573373676248,,0.03177004538577912,0.9500756429652042,0.018154311649016642
2020-08-19,-0.007132667617689016,,0.037089871611982884,0.9329529243937232,0.029957203994293864
2020-08-20,0.00395778364116095,,0.017150395778364115,0.9617414248021108,0.021108179419525065
2020-08-21,-0.008375209380234505,,0.023450586264656615,0.9614740368509213,0.01507537688442211
2020-08-22,-0.03571428571428571,,0.03571428571428571,0.9642857142857143,0.0
2020-08-23,0.0,,0.03260869565217391,0.9347826086956522,0.03260869565217391
2020-08-24,-0.0017889087656529517,,0.03041144901610018,0.9409660107334525,0.028622540250447227
2020-08-25,0.012195121951219513,,0.021341463414634148,0.9451219512195121,0.03353658536585366
2020-08-26,-0.0015082956259426848,,0.030165912518853696,0.9411764705882353,0.02865761689291101
2020-08-27,-0.0033370411568409346,,0.026696329254727477,0.949944382647386,0.02335928809788654
2020-08-28,0.0,,0.02905982905982906,0.9418803418803419,0.02905982905982906
2020-08-29,0.045454545454545456,,0.0,0.9545454545454546,0.045454545454545456
2020-08-30,0.0,,0.03296703296703297,0.9340659340659341,0.03296703296703297
2020-08-31,0.011009174311926606,,0.022018348623853212,0.944954128440367,0.03302752293577982
2020-09-01,0.0058309037900874635,,0.027696793002915453,0.9387755102040817,0.033527696793002916
2020-09-02,0.02032520325203252,,0.02710027100271003,0.9254742547425474,0.04742547425474255
2020-09-03,-0.004343105320304018,,0.03040173724212812,0.9435396308360477,0.026058631921824105
2020-09-04,0.0048,,0.0176,0.96,0.0224
2020-09-05,0.0,,0.012658227848101266,0.9746835443037974,0.012658227848101266
2020-09-06,0.024096385542168676,,0.03614457831325301,0.9036144578313253,0.060240963855421686
2020-09-07,0.0,,0.049773755656108594,0.9004524886877828,0.049773755656108594
2020-09-08,-0.02247191011235955,,0.05393258426966292,0.9146067415730337,0.03146067415730337
2020-09-09,-0.031496062992125984,,0.05196850393700787,0.9275590551181102,0.02047244094488189
2020-09-10,-0.0017667844522968198,,0.028268551236749116,0.9452296819787986,0.026501766784452298
2020-09-11,-0.01818181818181818,,0.044444444444444446,0.9292929292929293,0.026262626262626262
2020-09-12,0.0,,0.01020408163265306,0.9795918367346939,0.01020408163265306
2020-09-13,-0.049019607843137254,,0.049019607843137254,0.9509803921568627,0.0
2020-09-14,0.0,,0.03577512776831346,0.9284497444633731,0.03577512776831346
2020-09-15,0.0017211703958691911,,0.029259896729776247,0.9397590361445783,0.03098106712564544
2020-09-16,0.001694915254237288,,0.030508474576271188,0.9372881355932203,0.03220338983050847
2020-09-17,0.005504587155963303,,0.027522935779816515,0.9394495412844037,0.03302752293577982
2020-09-18,0.003766478342749529,,0.01694915254237288,0.9623352165725048,0.02071563088512241
2020-09-19,0.0,,0.011235955056179775,0.9775280898876404,0.011235955056179775
2020-09-20,0.0,,0.010752688172043012,0.978494623655914,0.010752688172043012
2020-09-21,-0.009784735812133072,,0.03913894324853229,0.9315068493150684,0.029354207436399216
2020-09-22,-0.0017421602787456446,,0.024390243902439025,0.9529616724738676,0.02264808362369338
2020-09-23,0.008896797153024912,,0.028469750889679714,0.9341637010676157,0.037366548042704624
2020-09-24,-0.0034602076124567475,,0.02768166089965398,0.9480968858131488,0.02422145328719723
2020-09-25,0.012345679012345678,,0.01646090534979424,0.9547325102880658,0.02880658436213992
2020-09-26,0.028846153846153848,,0.0,0.9711538461538461,0.028846153846153848
2020-09-27,0.018018018018018018,,0.009009009009009009,0.963963963963964,0.02702702702702703
2020-09-28,0.029250457038391225,,0.025594149908592323,0.9195612431444241,0.054844606946983544
2020-09-29,0.01485148514851485,,0.024752475247524754,0.9356435643564357,0.039603960396039604
2020-09-30,-0.008038585209003215,,0.03376205787781351,0.9405144694533762,0.02572347266881029
2020-10-01,0.023140495867768594,,0.02809917355371901,0.9206611570247933,0.0512396694214876
2020-10-02,-0.0018656716417910447,,0.04291044776119403,0.9160447761194029,0.041044776119402986
2020-10-03,0.0,,0.02702702702702703,0.9459459459459459,0.02702702702702703
2020-10-04,-0.06481481481481481,,0.07407407407407407,0.9166666666666666,0.009259259259259259
2020-10-05,0.02185792349726776,,0.0546448087431694,0.8688524590163934,0.07650273224043716
2020-10-06,-0.025396825396825397,,0.049206349206349205,0.926984126984127,0.023809523809523808
2020-10-07,0.011382113821138212,,0.02113821138211382,0.9463414634146341,0.032520325203252036
2020-10-08,0.024242424242424242,,0.03636363636363636,0.9030303030303031,0.06060606060606061
2020-10-09,0.01824817518248175,,0.023722627737226276,0.9343065693430657,0.041970802919708027
2020-10-10,0.009259259259259259,,0.009259259259259259,0.9722222222222222,0.018518518518518517
2020-10-11,0.0,,0.009009009009009009,0.9819819819819819,0.009009009009009009
2020-10-12,0.013157894736842105,,0.018796992481203006,0.9492481203007519,0.03195488721804511
2020-10-13,-0.0014727540500736377,,0.026509572901325478,0.9484536082474226,0.025036818851251842
2020-10-14,0.013657056145675266,,0.027314112291350532,0.9317147192716236,0.0409711684370258
2020-10-15,0.006896551724137931,,0.02620689655172414,0.9406896551724138,0.03310344827586207
2020-10-16,0.0029985007496251873,,0.017991004497751123,0.9610194902548725,0.020989505247376312
2020-10-17,0.024,,0.016,0.944,0.04
2020-10-18,0.019417475728155338,,0.009708737864077669,0.9611650485436893,0.02912621359223301
2020-10-19,-0.010526315789473684,,0.03684210526315789,0.9368421052631579,0.02631578947368421
2020-10-20,-0.005128205128205128,,0.021794871794871794,0.9615384615384616,0.016666666666666666
2020-10-21,-0.005488474204171241,,0.02305159165751921,0.9593852908891328,0.01756311745334797
2020-10-22,-0.02780269058295964,,0.04035874439461883,0.947085201793722,0.012556053811659192
2020-10-23,0.013349514563106795,,0.01820388349514563,0.9502427184466019,0.03155339805825243
2020-10-24,0.045454545454545456,,0.0,0.9545454545454546,0.045454545454545456
2020-10-25,0.011627906976744186,,0.011627906976744186,0.9651162790697675,0.023255813953488372
2020-10-26,-0.0025188916876574307,,0.020151133501259445,0.9622166246851386,0.017632241813602016
2020-10-27,-0.01545253863134658,,0.029801324503311258,0.9558498896247241,0.01434878587196468
2020-10-28,-0.03494837172359015,,0.043685464654487687,0.9475774424146147,0.008737092930897538
2020-10-29,-0.03443708609271523,,0.048344370860927154,0.937748344370861,0.01390728476821192
2020-10-30,-0.0062056737588652485,,0.02304964539007092,0.9601063829787234,0.016843971631205674
2020-10-31,-0.005434782608695652,,0.010869565217391304,0.9836956521739131,0.005434782608695652
2020-11-01,0.0,,0.02912621359223301,0.941747572815534,0.02912621359223301
2020-11-02,-0.025510204081632654,,0.042091836734693876,0.9413265306122449,0.016581632653061226
2020-11-03,-0.027168234064785787,,0.0438871473354232,0.9393939393939394,0.01671891327063741
2020-11-04,-0.056074766355140186,,0.07476635514018691,0.9065420560747663,0.018691588785046728
2020-11-05,-0.0679327976625274,,0.08181154127100074,0.9043097151205259,0.013878743608473338
2020-11-06,-0.031275720164609055,,0.05185185185185185,0.9275720164609054,0.0205761316872428
2020-11-07,-0.0038910505836575876,,0.019455252918287938,0.9649805447470817,0.01556420233463035
2020-11-08,-0.008771929824561403,,0.07894736842105263,0.8508771929824561,0.07017543859649122
2020-11-09,-0.052995391705069124,,0.08986175115207373,0.8732718894009217,0.03686635944700461
2020-11-10,-0.022105263157894735,,0.05263157894736842,0.9168421052631579,0.030526315789473683
2020-11-11,0.006257822277847309,,0.028785982478097622,0.9361702127659575,0.03504380475594493
2020-11-12,-0.005924170616113744,,0.03909952606635071,0.9277251184834123,0.03317535545023697
2020-11-13,-0.00528169014084507,,0.045774647887323945,0.9137323943661971,0.040492957746478875
2020-11-14,-0.0078125,,0.015625,0.9765625,0.0078125
2020-11-15,0.00980392156862745,,0.00980392156862745,0.9705882352941176,0.0196078431372549
2020-11-16,-0.00641025641025641,,0.04326923076923077,0.9198717948717948,0.03685897435897436
2020-11-17,-0.004037685060565276,,0.02288021534320323,0.9582772543741588,0.018842530282637954
2020-11-18,0.004010695187165776,,0.03342245989304813,0.929144385026738,0.0374331550802139
2020-11-19,-0.0024096385542168677,,0.02891566265060241,0.944578313253012,0.02650602409638554
2020-11-20,0.026771653543307086,,0.009448818897637795,0.9543307086614173,0.03622047244094488
2020-11-21,-0.01020408163265306,,0.02040816326530612,0.9693877551020408,0.01020408163265306
2020-11-22,0.008695652173913044,,0.008695652173913044,0.9739130434782609,0.017391304347826087
2020-11-23,0.004395604395604396,,0.03076923076923077,0.9340659340659341,0.035164835164835165
2020-11-24,0.014976958525345621,,0.016129032258064516,0.9527649769585254,0.03110599078341014
2020-11-25,0.0066844919786096255,,0.022727272727272728,0.9478609625668449,0.029411764705882353
2020-11-26,-0.006872852233676976,,0.041237113402061855,0.9243986254295533,0.03436426116838488
2020-11-27,0.004784688995215311,,0.0215311004784689,0.9521531100478469,0.02631578947368421
2020-11-28,0.0,,0.0,1.0,0.0
2020-11-29,-0.009900990099009901,,0.0297029702970297,0.9504950495049505,0.019801980198019802
2020-11-30,0.0,,0.03636363636363636,0.9272727272727272,0.03636363636363636
2020-12-01,0.01884057971014493,,0.015942028985507246,0.9492753623188406,0.034782608695652174
2020-12-02,0.012903225806451613,,0.023225806451612905,0.9406451612903226,0.03612903225806452
2020-12-03,-0.001145475372279496,,0.025200458190148912,0.9507445589919816,0.024054982817869417
2020-12-04,0.027906976744186046,,0.020155038759689922,0.931782945736434,0.04806201550387597
2020-12-05,0.04794520547945205,,0.0136986301369863,0.9246575342465754,0.06164383561643835
2020-12-06,-0.03076923076923077,,0.06923076923076923,0.8923076923076924,0.038461538461538464
2020-12-07,0.004484304932735426,,0.02092675635276532,0.953662182361734,0.025411061285500747
2020-12-08,0.007894736842105263,,0.02368421052631579,0.9447368421052632,0.031578947368421054
2020-12-09,0.01282051282051282,,0.028205128205128206,0.9307692307692308,0.041025641025641026
2020-12-10,0.009779951100244499,,0.017114914425427872,0.9559902200488998,0.02689486552567237
2020-12-11,0.008633093525179856,,0.02302158273381295,0.9453237410071943,0.031654676258992806
2020-12-12,-0.01020408163265306,,0.04081632653061224,0.9285714285714286,0.030612244897959183
2020-12-13,-0.00909090909090909,,0.01818181818181818,0.9727272727272728,0.00909090909090909
2020-12-14,0.0,,0.037142857142857144,0.9257142857142857,0.037142857142857144
