Date,High,Low,Open,Close,Volume,tweets,google_trends,profitability
2018-04-07,7050.5400390625,6630.509765625,6630.509765625,6911.08984375,3976610048.0,52476.0,54.556999999999995,0.5429999999999999
2018-04-08,7111.56005859375,6919.97998046875,6919.97998046875,7023.52001953125,3652499968.0,52796.0,49.637,0.505
2018-04-09,7178.10986328125,6661.990234375,7044.31982421875,6770.72998046875,4894060032.0,59029.0,60.471000000000004,0.45399999999999996
2018-04-10,6872.41015625,6704.14990234375,6795.43994140625,6834.759765625,4272750080.0,59044.0,56.284,0.535
2018-04-11,6968.31982421875,6817.58984375,6843.47021484375,6968.31982421875,4641889792.0,61072.0,52.788000000000004,0.49200000000000005
2018-04-12,7899.22998046875,6806.509765625,6955.3798828125,7889.25,8906250240.0,68886.0,65.34899999999999,0.517
2018-04-13,8183.9599609375,7758.93017578125,7901.08984375,7895.9599609375,7764460032.0,64178.0,67.118,0.608
2018-04-14,8140.7099609375,7846.0,7874.669921875,7986.240234375,5191430144.0,50026.0,49.637,0.46
2018-04-15,8338.419921875,7999.330078125,7999.330078125,8329.1103515625,5244480000.0,52494.0,49.637,0.615
2018-04-16,8371.150390625,7925.72998046875,8337.5703125,8058.669921875,5631309824.0,56538.0,53.479,0.503
2018-04-17,8285.9599609375,7881.72021484375,8071.66015625,7902.08984375,6900879872.0,56111.0,51.019,0.568
2018-04-18,8197.7998046875,7886.009765625,7944.43017578125,8163.419921875,6529909760.0,56720.0,52.442,0.536
2018-04-19,8298.6904296875,8138.77978515625,8159.27001953125,8294.3095703125,7063209984.0,57013.0,54.169,0.579
2018-04-20,8880.23046875,8244.5400390625,8286.8798828125,8845.830078125,8438110208.0,57190.0,54.169,0.45899999999999996
2018-04-21,8997.5703125,8652.150390625,8848.7900390625,8895.580078125,7548550144.0,56176.0,51.751999999999995,0.649
2018-04-22,9001.6396484375,8779.6103515625,8925.0595703125,8802.4599609375,6629899776.0,59404.0,49.292,0.586
2018-04-23,8958.5498046875,8788.8095703125,8794.3896484375,8930.8798828125,6925190144.0,59885.0,53.824,0.5760000000000001
2018-04-24,9732.6103515625,8927.830078125,8934.33984375,9697.5,10678800384.0,67323.0,64.312,0.6559999999999999
2018-04-25,9745.3203125,8799.83984375,9701.0302734375,8845.740234375,11083100160.0,65523.0,59.78,0.544
2018-04-26,9281.509765625,8727.08984375,8867.3203125,9281.509765625,8970559488.0,64330.0,50.328,0.632
2018-04-27,9375.4697265625,8987.0498046875,9290.6298828125,8987.0498046875,7566289920.0,55754.0,49.292,0.65
2018-04-28,9412.08984375,8931.990234375,8939.26953125,9348.48046875,7805479936.0,49473.0,43.335,0.573
2018-04-29,9531.490234375,9193.7099609375,9346.41015625,9419.080078125,8853000192.0,46959.0,45.45,0.606
2018-04-30,9477.1396484375,9166.8095703125,9426.1103515625,9240.5498046875,8673920000.0,49151.0,46.832,0.62
2018-05-01,9255.8798828125,8891.0498046875,9251.4697265625,9119.009765625,7713019904.0,49777.0,46.972,0.5710000000000001
2018-05-02,9256.51953125,9015.1396484375,9104.599609375,9235.919921875,7558159872.0,48137.0,46.972,0.537
2018-05-03,9798.330078125,9188.150390625,9233.9697265625,9743.8603515625,10207299584.0,50882.0,47.663000000000004,0.61
2018-05-04,9779.2001953125,9585.9599609375,9695.5,9700.759765625,8217829888.0,57751.0,47.663000000000004,0.5770000000000001
2018-05-05,9964.5,9695.1201171875,9700.2802734375,9858.150390625,7651939840.0,50536.0,46.972,0.7120000000000001
2018-05-06,9940.1396484375,9465.25,9845.3095703125,9654.7998046875,7222280192.0,47589.0,44.9,0.536
2018-05-07,9665.849609375,9231.5302734375,9645.669921875,9373.009765625,7394019840.0,53424.0,49.735,0.643
2018-05-08,9462.75,9127.76953125,9380.8701171875,9234.8203125,7415869952.0,52302.0,48.353,0.574
2018-05-09,9374.759765625,9031.6201171875,9223.73046875,9325.1796875,7226890240.0,54594.0,44.9,0.61
2018-05-10,9396.0400390625,9040.51953125,9325.9599609375,9043.9404296875,6906699776.0,53621.0,46.095,0.5589999999999999
2018-05-11,9052.9599609375,8394.4599609375,9052.9599609375,8441.490234375,8488520192.0,55128.0,54.005,0.522
2018-05-12,8664.8603515625,8223.5,8441.4404296875,8504.8896484375,6821380096.0,48718.0,44.523999999999994,0.574
2018-05-13,8773.5498046875,8395.1201171875,8515.490234375,8723.9404296875,5866379776.0,46131.0,39.999,0.484
2018-05-14,8881.1201171875,8367.9697265625,8713.099609375,8716.7900390625,7364149760.0,52460.0,46.976000000000006,0.541
2018-05-15,8836.1904296875,8456.4501953125,8705.1904296875,8510.3798828125,6705710080.0,50376.0,44.42,0.525
2018-05-16,8508.4296875,8175.490234375,8504.41015625,8368.830078125,6760220160.0,49167.0,43.833,0.5660000000000001
2018-05-17,8445.5400390625,8054.1201171875,8370.0498046875,8094.31982421875,5862530048.0,47708.0,42.555,0.413
2018-05-18,8274.1201171875,7974.81982421875,8091.830078125,8250.9697265625,5764190208.0,46685.0,43.193999999999996,0.58
2018-05-19,8372.0595703125,8183.35009765625,8255.73046875,8247.1796875,4712399872.0,40643.0,35.232,0.524
2018-05-20,8562.41015625,8205.240234375,8246.990234375,8513.25,5191059968.0,41628.0,35.819,0.475
2018-05-21,8557.51953125,8365.1201171875,8522.330078125,8418.990234375,5154990080.0,44301.0,40.292,0.574
2018-05-22,8423.25,8004.580078125,8419.8701171875,8041.77978515625,5137010176.0,44097.0,43.246,0.45799999999999996
2018-05-23,8054.66015625,7507.8798828125,8037.080078125,7557.81982421875,6491120128.0,49303.0,51.501000000000005,0.537
2018-05-24,7738.60009765625,7331.14013671875,7561.1201171875,7587.33984375,6049220096.0,46043.0,47.563,0.415
2018-05-25,7659.14013671875,7392.64990234375,7592.2998046875,7480.14013671875,4867829760.0,42093.0,42.208999999999996,0.478
2018-05-26,7595.16015625,7349.1201171875,7486.47998046875,7355.8798828125,4051539968.0,38020.0,35.871,0.44299999999999995
2018-05-27,7381.740234375,7270.9599609375,7362.080078125,7368.22021484375,4056519936.0,43809.0,37.494,0.425
2018-05-28,7419.0498046875,7100.89013671875,7371.31005859375,7135.990234375,5040600064.0,44801.0,42.848,0.419
2018-05-29,7526.419921875,7090.68017578125,7129.4599609375,7472.58984375,5662660096.0,46903.0,44.075,0.396
2018-05-30,7573.77001953125,7313.60009765625,7469.72998046875,7406.52001953125,4922540032.0,51863.0,40.534,0.505
2018-05-31,7608.89990234375,7361.1298828125,7406.14990234375,7494.169921875,5127130112.0,47154.0,38.427,0.43700000000000006
2018-06-01,7604.72998046875,7407.33984375,7500.7001953125,7541.4501953125,4921460224.0,45316.0,36.165,0.43700000000000006
2018-06-02,7695.830078125,7497.259765625,7536.72021484375,7643.4501953125,4939299840.0,41760.0,33.315,0.405
2018-06-03,7754.89013671875,7613.0400390625,7632.08984375,7720.25,4851760128.0,41999.0,34.593,0.469
2018-06-04,7753.81982421875,7474.0400390625,7722.52978515625,7514.47021484375,4993169920.0,46104.0,36.51,0.49
2018-06-05,7643.22998046875,7397.0,7500.89990234375,7633.759765625,4961739776.0,46860.0,37.391,0.39299999999999996
2018-06-06,7680.43017578125,7502.009765625,7625.97021484375,7653.97998046875,4692259840.0,45323.0,36.804,0.37
2018-06-07,7741.27001953125,7650.81982421875,7650.81982421875,7678.240234375,4485799936.0,48259.0,36.458,0.40399999999999997
2018-06-08,7698.18994140625,7558.39990234375,7685.14013671875,7624.919921875,4227579904.0,46310.0,34.938,0.37799999999999995
2018-06-09,7683.580078125,7531.97998046875,7632.52001953125,7531.97998046875,3845220096.0,38889.0,31.743000000000002,0.387
2018-06-10,7499.5498046875,6709.06982421875,7499.5498046875,6786.02001953125,5804839936.0,40585.0,43.729,0.35200000000000004
2018-06-11,6910.18017578125,6706.6298828125,6799.2900390625,6906.919921875,4745269760.0,45487.0,58.725,0.359
2018-06-12,6907.9599609375,6542.080078125,6905.81982421875,6582.35986328125,4654380032.0,46551.0,46.98,0.353
2018-06-13,6631.66015625,6285.6298828125,6596.8798828125,6349.89990234375,5052349952.0,51652.0,54.027,0.332
2018-06-14,6707.14013671875,6334.4599609375,6342.75,6675.35009765625,5138710016.0,47079.0,47.567,0.34
2018-06-15,6681.080078125,6433.8701171875,6674.080078125,6456.580078125,3955389952.0,39786.0,40.52,0.36
2018-06-16,6592.490234375,6402.2900390625,6455.4501953125,6550.16015625,3194170112.0,36471.0,34.648,0.337
2018-06-17,6589.10986328125,6499.27001953125,6545.52978515625,6499.27001953125,3104019968.0,37164.0,34.061,0.314
2018-06-18,6781.14013671875,6446.68017578125,6510.06982421875,6734.81982421875,4039200000.0,46282.0,39.933,0.353
2018-06-19,6822.5,6709.919921875,6742.39013671875,6769.93994140625,4057029888.0,45018.0,38.759,0.34600000000000003
2018-06-20,6821.56005859375,6611.8798828125,6770.759765625,6776.5498046875,3888640000.0,41009.0,38.759,0.373
2018-06-21,6810.93994140625,6715.169921875,6780.08984375,6729.740234375,3529129984.0,38835.0,35.821999999999996,0.34600000000000003
2018-06-22,6747.080078125,6006.60009765625,6737.8798828125,6083.68994140625,5079810048.0,41721.0,44.044,0.311
2018-06-23,6224.81982421875,6071.81005859375,6090.10009765625,6162.47998046875,3431360000.0,36776.0,38.171,0.335
2018-06-24,6223.77978515625,5826.41015625,6164.27978515625,6173.22998046875,4566909952.0,36953.0,44.631,0.292
2018-06-25,6327.3701171875,6119.68017578125,6171.97021484375,6249.18017578125,5500810240.0,42286.0,40.52,0.302
2018-06-26,6290.16015625,6093.669921875,6253.5498046875,6093.669921875,3279759872.0,43429.0,38.171,0.31
2018-06-27,6180.0,6052.85009765625,6084.39990234375,6157.1298828125,3296219904.0,40206.0,36.41,0.263
2018-06-28,6170.41015625,5873.0498046875,6153.16015625,5903.43994140625,3467800064.0,41574.0,36.997,0.35100000000000003
2018-06-29,6261.66015625,5835.75,5898.1298828125,6218.2998046875,3966230016.0,41392.0,46.98,0.311
2018-06-30,6465.509765625,6214.22021484375,6214.22021484375,6404.0,4543860224.0,35882.0,39.933,0.306
2018-07-01,6432.85009765625,6289.2900390625,6411.68017578125,6385.81982421875,4788259840.0,32183.0,34.648,0.318
2018-07-02,6683.85986328125,6305.7001953125,6380.3798828125,6614.18017578125,4396930048.0,40449.0,39.346,0.3
2018-07-03,6671.3701171875,6447.75,6596.66015625,6529.58984375,4672309760.0,43042.0,39.346,0.294
2018-07-04,6771.919921875,6450.4599609375,6550.8701171875,6597.5498046875,4176689920.0,40065.0,36.997,0.326
2018-07-05,6749.5400390625,6546.64990234375,6599.7099609375,6639.14013671875,4999240192.0,38128.0,38.171,0.327
2018-07-06,6700.93994140625,6533.5498046875,6638.68994140625,6673.5,4313959936.0,38468.0,35.235,0.331
2018-07-07,6863.990234375,6579.240234375,6668.7099609375,6856.93017578125,3961080064.0,32273.0,30.537,0.306
2018-07-08,6885.91015625,6747.97998046875,6857.7998046875,6773.8798828125,3386210048.0,31005.0,32.885999999999996,0.33
2018-07-09,6838.68017578125,6724.33984375,6775.080078125,6741.75,3718129920.0,37804.0,34.648,0.294
2018-07-10,6767.740234375,6320.72021484375,6739.2099609375,6329.9501953125,4052430080.0,39826.0,36.41,0.313
2018-07-11,6444.9599609375,6330.47021484375,6330.77001953125,6394.7099609375,3644859904.0,39901.0,34.061,0.285
2018-07-12,6397.10009765625,6136.419921875,6396.77978515625,6228.81005859375,3770170112.0,39007.0,36.997,0.304
2018-07-13,6310.5498046875,6192.240234375,6235.02978515625,6238.0498046875,3805400064.0,37794.0,35.235,0.29
2018-07-14,6298.18994140625,6212.22021484375,6247.5,6276.1201171875,2923670016.0,30839.0,31.124000000000002,0.298
2018-07-15,6403.4599609375,6256.509765625,6272.7001953125,6359.64013671875,3285459968.0,32485.0,29.95,0.298
2018-07-16,6741.75,6357.009765625,6357.009765625,6741.75,4725799936.0,41799.0,36.41,0.282
2018-07-17,7387.240234375,6684.169921875,6739.64990234375,7321.0400390625,5961950208.0,45432.0,46.98,0.392
2018-07-18,7534.990234375,7280.47021484375,7315.31982421875,7370.77978515625,6103410176.0,42923.0,52.853,0.38
2018-07-19,7494.4599609375,7295.4599609375,7378.2001953125,7466.85986328125,5111629824.0,39629.0,45.218,0.36200000000000004
2018-07-20,7594.669921875,7323.259765625,7467.39990234375,7354.1298828125,4936869888.0,38529.0,41.108000000000004,0.33299999999999996
2018-07-21,7437.64013671875,7262.41015625,7352.72021484375,7419.2900390625,3726609920.0,33267.0,35.235,0.324
2018-07-22,7537.9501953125,7383.81982421875,7417.7998046875,7418.490234375,3695460096.0,32189.0,34.648,0.43700000000000006
2018-07-23,7771.5,7409.10009765625,7414.7099609375,7711.10986328125,5132480000.0,39877.0,44.044,0.35600000000000004
2018-07-24,8424.26953125,7705.5,7716.509765625,8424.26953125,7277689856.0,48202.0,55.788999999999994,0.38
2018-07-25,8416.8701171875,8086.35986328125,8379.66015625,8181.39013671875,5845400064.0,41673.0,51.678000000000004,0.43700000000000006
2018-07-26,8290.330078125,7878.7099609375,8176.85009765625,7951.580078125,4899089920.0,39978.0,45.806000000000004,0.38299999999999995
2018-07-27,8262.66015625,7839.759765625,7950.39990234375,8165.009765625,5195879936.0,37373.0,46.393,0.418
2018-07-28,8222.849609375,8110.77001953125,8169.06005859375,8192.150390625,3988750080.0,31763.0,36.41,0.363
2018-07-29,8272.259765625,8141.18017578125,8205.8203125,8218.4599609375,4107190016.0,32179.0,36.41,0.36700000000000005
2018-07-30,8235.5,7917.5,8221.58,8180.48,5551400000.0,37855.0,41.108000000000004,0.34700000000000003
2018-07-31,8181.53,7696.93,8181.2,7780.44,5287530000.0,38962.0,41.695,0.34299999999999997
2018-08-01,7769.04,7504.95,7769.04,7624.91,4797620000.0,39603.0,41.108000000000004,0.321
2018-08-02,7712.77,7523.44,7634.19,7567.15,4214110000.0,37572.0,37.584,0.324
2018-08-03,7562.14,7328.65,7562.14,7434.39,4627150000.0,39186.0,39.933,0.32799999999999996
2018-08-04,7497.49,6984.07,7438.67,7032.85,4268390000.0,33342.0,37.584,0.319
2018-08-05,7102.77,6940.7,7031.08,7068.48,3679110000.0,30523.0,35.821999999999996,0.284
2018-08-06,7166.55,6890.54,7062.94,6951.8,3925900000.0,35064.0,39.933,0.27
2018-08-07,7146.56,6748.24,6958.32,6753.12,4682800000.0,34996.0,41.108000000000004,0.327
2018-08-08,6746.85,6226.22,6746.85,6305.8,5064430000.0,36169.0,49.32899999999999,0.276
2018-08-09,6625.73,6249.07,6305.56,6568.23,4267040000.0,34503.0,42.869,0.265
2018-08-10,6591.26,6124.52,6571.42,6184.71,4528680000.0,34108.0,41.243,0.298
2018-08-11,6455.74,6109.03,6185.79,6295.73,4047850000.0,29578.0,41.795,0.23800000000000002
2018-08-12,6409.85,6237.5,6283.65,6322.69,5665250000.0,28188.0,35.721,0.237
2018-08-13,6537.05,6225.72,6341.36,6297.57,4083980000.0,31628.0,41.571999999999996,0.259
2018-08-14,6287.94,5971.05,6287.66,6199.71,5301700000.0,36996.0,51.148,0.22699999999999998
2018-08-15,6588.49,6221.42,6221.42,6308.52,4895450000.0,35084.0,45.786,0.271
2018-08-16,6473.5,6276.41,6294.23,6334.73,4328420000.0,33037.0,39.795,0.253
2018-08-17,6582.5,6324.97,6340.91,6580.63,4992990000.0,32168.0,37.996,0.254
2018-08-18,6617.35,6353.73,6583.43,6423.76,3984520000.0,27953.0,33.703,0.256
2018-08-19,6537.98,6361.55,6422.57,6506.07,3311170000.0,26854.0,32.422,0.24
2018-08-20,6536.92,6297.93,6500.51,6308.53,3665100000.0,33467.0,36.218,0.265
2018-08-21,6500.87,6298.24,6301.07,6488.76,3377180000.0,33425.0,38.558,0.249
2018-08-22,6816.79,6310.11,6486.25,6376.71,4668110000.0,32026.0,41.641999999999996,0.275
2018-08-23,6546.54,6371.34,6371.34,6534.88,3426180000.0,33815.0,37.994,0.24600000000000002
2018-08-24,6719.96,6498.64,6551.52,6719.96,4097820000.0,29804.0,35.676,0.258
2018-08-25,6789.63,6700.96,6719.95,6763.19,3312600000.0,26122.0,32.792,0.23600000000000002
2018-08-26,6774.75,6620.75,6754.64,6707.26,3295500000.0,23840.0,31.186999999999998,0.27699999999999997
2018-08-27,6884.64,6689.71,6710.8,6884.64,4019000000.0,28754.0,35.457,0.27399999999999997
2018-08-28,7109.56,6882.34,6891.08,7096.28,4659940000.0,33359.0,43.048,0.24100000000000002
2018-08-29,7113.3,6970.82,7091.71,7047.16,4145880000.0,31756.0,38.632,0.255
2018-08-30,7072.69,6834.69,7043.76,6978.23,4463250000.0,31447.0,38.650999999999996,0.265
2018-08-31,7057.17,6920.16,6973.97,7037.58,4495650000.0,32099.0,35.289,0.282
2018-09-01,7242.29,7038.05,7044.81,7193.25,4116050000.0,30166.0,33.14,0.257
2018-09-02,7306.31,7132.16,7189.58,7272.72,4329540000.0,29111.0,35.01,0.264
2018-09-03,7317.94,7208.15,7279.03,7260.06,4087760000.0,34835.0,35.974000000000004,0.271
2018-09-04,7388.26,7255.44,7263.0,7361.66,4273640000.0,35005.0,39.466,0.26
2018-09-05,7388.43,6792.83,7361.46,6792.83,5800460000.0,35456.0,46.964,0.28600000000000003
2018-09-06,6755.14,6404.72,6755.14,6529.17,5523470000.0,37078.0,52.196999999999996,0.247
2018-09-07,6555.29,6396.87,6528.92,6467.07,4264680000.0,33033.0,41.413999999999994,0.24100000000000002
2018-09-08,6534.25,6197.52,6460.17,6225.98,3835060000.0,28446.0,34.181999999999995,0.22699999999999998
2018-09-09,6446.26,6201.22,6223.38,6300.86,3671890000.0,30519.0,34.613,0.245
2018-09-10,6374.98,6292.76,6301.57,6329.7,3714100000.0,33868.0,37.592,0.201
2018-09-11,6398.92,6260.21,6331.88,6321.2,3849910000.0,32809.0,37.589,0.22399999999999998
2018-09-12,6363.87,6265.09,6317.01,6351.8,4064230000.0,29716.0,41.156000000000006,0.258
2018-09-13,6535.41,6354.24,6354.24,6517.31,4210910000.0,32269.0,39.605,0.221
2018-09-14,6596.1,6456.17,6515.41,6512.71,4076220000.0,31041.0,36.991,0.222
2018-09-15,6561.72,6493.55,6509.4,6543.2,3216300000.0,27319.0,31.338,0.245
2018-09-16,6544.33,6460.1,6536.68,6517.18,3273730000.0,26995.0,30.005,0.228
2018-09-17,6540.21,6257.52,6514.06,6281.2,3910780000.0,31037.0,34.095,0.235
2018-09-18,6384.18,6265.71,6280.91,6371.3,4180090000.0,30885.0,33.62,0.221
2018-09-19,6448.46,6208.34,6371.85,6398.54,4431340000.0,31000.0,34.437,0.239
2018-09-20,6529.26,6395.95,6398.85,6519.67,4348110000.0,32268.0,33.873000000000005,0.231
2018-09-21,6794.33,6496.36,6513.87,6734.95,6531940000.0,34302.0,38.099000000000004,0.243
2018-09-22,6814.56,6616.8,6735.05,6721.98,4509660000.0,27695.0,32.948,0.235
2018-09-23,6766.15,6679.42,6715.32,6710.63,4197500000.0,29057.0,30.373,0.23800000000000002
2018-09-24,6713.56,6580.9,6704.77,6595.41,4177310000.0,32186.0,32.824,0.228
2018-09-25,6603.64,6381.86,6603.64,6446.47,4726180000.0,33771.0,34.066,0.239
2018-09-26,6585.91,6397.89,6452.79,6495.0,4437300000.0,32810.0,33.766,0.203
2018-09-27,6712.1,6464.95,6495.29,6676.75,4606810000.0,31898.0,33.155,0.244
2018-09-28,6785.03,6598.32,6678.75,6644.13,5014430000.0,29550.0,32.705999999999996,0.24
2018-09-29,6643.1,6511.65,6643.1,6601.96,4363690000.0,28728.0,27.660999999999998,0.23
2018-09-30,6643.78,6566.54,6604.71,6625.56,4002280000.0,27646.0,27.573,0.24600000000000002
2018-10-01,6653.3,6549.08,6619.85,6589.62,4000970000.0,31878.0,29.85,0.23
2018-10-02,6611.84,6537.9,6593.24,6556.1,3979260000.0,31648.0,30.596999999999998,0.215
2018-10-03,6571.46,6454.03,6553.86,6502.59,3887310000.0,31711.0,30.301,0.23
2018-10-04,6603.31,6497.91,6497.91,6576.69,3838410000.0,34224.0,30.975,0.243
2018-10-05,6623.62,6557.41,6574.15,6622.48,3671500000.0,34221.0,29.469,0.20600000000000002
2018-10-06,6628.54,6577.8,6622.45,6588.31,3259740000.0,29246.0,26.358,0.223
2018-10-07,6641.49,6557.04,6590.68,6602.95,3306630000.0,28503.0,24.496,0.21899999999999997
2018-10-08,6675.06,6576.04,6600.19,6652.23,3979460000.0,37692.0,30.053,0.23199999999999998
2018-10-09,6661.41,6606.94,6653.08,6642.64,3580810000.0,35538.0,30.635,0.23399999999999999
2018-10-10,6640.29,6538.96,6640.29,6585.53,3787650000.0,33842.0,31.568,0.223
2018-10-11,6586.74,6243.74,6586.74,6256.24,5181640000.0,32278.0,41.327,0.22699999999999998
2018-10-12,6328.5,6236.47,6239.25,6274.58,3783500000.0,28937.0,32.964,0.191
2018-10-13,6308.51,6259.81,6278.08,6285.99,3064030000.0,27760.0,28.218000000000004,0.21600000000000003
2018-10-14,6363.21,6280.15,6288.49,6290.93,3085320000.0,28150.0,27.112,0.20199999999999999
2018-10-15,6965.06,6258.68,6292.64,6596.54,7370770000.0,35275.0,37.259,0.255
2018-10-16,6673.59,6571.37,6601.41,6596.11,4074800000.0,35006.0,31.919,0.209
2018-10-17,6601.21,6517.45,6590.52,6544.43,4088420000.0,33145.0,30.717,0.22699999999999998
2018-10-18,6567.54,6450.04,6542.33,6476.71,3924080000.0,30155.0,30.345,0.218
2018-10-19,6493.68,6445.31,6478.07,6465.41,3578870000.0,28097.0,30.178,0.243
2018-10-20,6497.72,6449.0,6460.92,6489.19,3379130000.0,23204.0,25.889,0.228
2018-10-21,6556.38,6476.0,6490.09,6482.35,3253610000.0,22298.0,25.65,0.226
2018-10-22,6543.8,6462.98,6486.05,6487.16,3672860000.0,30300.0,29.475,0.23800000000000002
2018-10-23,6506.01,6451.27,6472.36,6475.74,3716150000.0,30702.0,30.084,0.223
2018-10-24,6521.99,6468.86,6478.89,6495.84,3424670000.0,29969.0,30.29,0.217
2018-10-25,6504.65,6447.03,6484.65,6476.29,3230550000.0,25693.0,29.818,0.255
2018-10-26,6498.29,6449.61,6468.44,6474.75,3306050000.0,25493.0,28.265,0.225
2018-10-27,6507.41,6453.53,6480.84,6480.38,3393250000.0,20631.0,25.793000000000003,0.212
2018-10-28,6502.28,6447.91,6482.66,6486.39,3445190000.0,20711.0,23.789,0.245
2018-10-29,6503.6,6306.99,6492.35,6332.63,4199910000.0,26541.0,30.443,0.22
2018-10-30,6364.99,6310.14,6337.04,6334.27,3781100000.0,25290.0,29.545,0.243
2018-10-31,6349.16,6316.88,6336.99,6317.61,4191240000.0,33944.0,31.48,0.226
2018-11-01,6547.14,6311.83,6318.14,6377.78,3789400000.0,31618.0,29.905,0.205
2018-11-02,6396.86,6327.38,6378.92,6388.44,4234870000.0,22288.0,29.267,0.226
2018-11-03,6400.07,6342.37,6387.24,6361.26,3658640000.0,18645.0,25.715,0.239
2018-11-04,6388.63,6294.57,6365.47,6376.13,4390020000.0,24207.0,29.6,0.19699999999999998
2018-11-05,6480.59,6363.62,6363.62,6419.66,4174800000.0,23158.0,32.025,0.245
2018-11-06,6463.55,6408.16,6433.38,6461.01,4700040000.0,25550.0,31.445999999999998,0.20800000000000002
2018-11-07,6552.16,6468.31,6468.5,6530.14,4941260000.0,24951.0,30.675,0.23
2018-11-08,6536.92,6438.53,6522.27,6453.72,4665260000.0,24614.0,30.057,0.222
2018-11-09,6456.46,6373.37,6442.6,6385.62,4346820000.0,25018.0,29.728,0.23399999999999999
2018-11-10,6437.28,6385.31,6386.13,6409.22,3705320000.0,20709.0,25.063000000000002,0.244
2018-11-11,6423.25,6350.17,6413.63,6411.27,3939060000.0,18630.0,25.533,0.22699999999999998
2018-11-12,6434.21,6360.47,6411.76,6371.27,4295770000.0,23212.0,28.993000000000002,0.228
2018-11-13,6395.27,6342.67,6373.19,6359.49,4503800000.0,25340.0,30.021,0.209
2018-11-14,6371.55,5544.09,6351.24,5738.35,7398940000.0,34169.0,47.768,0.223
2018-11-15,5774.82,5358.38,5736.15,5648.03,7032140000.0,30694.0,54.468999999999994,0.19699999999999998
2018-11-16,5657.02,5498.94,5645.32,5575.55,5279320000.0,28077.0,41.489,0.21100000000000002
2018-11-17,5578.58,5519.56,5578.58,5554.33,4303150000.0,23964.0,34.289,0.21899999999999997
2018-11-18,5653.61,5559.74,5559.74,5623.54,4159680000.0,21832.0,31.487,0.188
2018-11-19,5620.78,4842.91,5620.78,4871.49,7039560000.0,39010.0,53.775,0.20800000000000002
2018-11-20,4951.61,4272.11,4863.93,4451.87,8428290000.0,36659.0,77.947,0.192
2018-11-21,4675.73,4343.98,4465.54,4602.17,6120120000.0,30984.0,60.39,0.153
2018-11-22,4629.64,4365.64,4611.57,4365.94,4569370000.0,27754.0,45.202,0.184
2018-11-23,4396.42,4195.68,4360.7,4347.11,4871490000.0,26345.0,45.856,0.17800000000000002
2018-11-24,4413.09,3795.16,4347.69,3880.76,4679500000.0,22902.0,42.349,0.174
2018-11-25,4120.87,3585.06,3880.78,4009.97,6825640000.0,26859.0,64.303,0.139
2018-11-26,4107.14,3643.92,4015.07,3779.13,6476900000.0,29115.0,63.738,0.152
2018-11-27,3862.96,3661.01,3765.95,3820.72,5998720000.0,29976.0,57.323,0.149
2018-11-28,4385.9,3822.47,3822.47,4257.42,7280280000.0,29142.0,52.903999999999996,0.146
2018-11-29,4413.02046804,4145.76513671875,4269.00439453125,4278.84645524,6503347767.18922,28709.0,46.745,0.172
2018-11-30,4322.97639207,3942.82208559,4289.08896703,4017.26845712,6048016716.85497,25626.0,42.937,0.153
2018-12-01,4309.37731216,3969.71064261,4024.46424203,4214.67193177,5375314093.10145,26347.0,37.667,0.171
2018-12-02,4301.51941165,4110.97847302,4200.73317961,4139.8780641,5262697895.12074,21596.0,33.301,0.156
2018-12-03,4155.97928378,3840.44626837,4147.32376691,3894.1309069,5089570993.52304,27894.0,42.75,0.159
2018-12-04,4075.62765492,3832.74993843,3886.2948763000004,3956.89386975,5028069239.31427,25332.0,41.989,0.207
2018-12-05,3969.53585216,3753.99482663,3958.89472485,3753.99482663,5302481573.52231,27357.0,40.599000000000004,0.165
2018-12-06,3874.96603127,3521.10172384,3754.07446712,3521.10172384,5878333109.02888,,44.869,0.177
2018-12-07,3512.59040851,3280.22875211,3512.59040851,3419.93720035,6835615448.39682,28638.0,57.278999999999996,0.142
2018-12-08,3506.04339159,3350.65070337,3421.9104034999996,3476.11471452,5305024497.06153,22270.0,42.659,0.158
2018-12-09,3685.30559965,3469.09435766,3473.22762038,3614.23427278,4947372847.28064,23363.0,38.351,0.17300000000000001
2018-12-10,3647.33258231,3470.14441964,3612.04639531,3502.65599577,5020968740.04215,22818.0,42.583999999999996,0.152
2018-12-11,3513.18494093,3392.2500529,3497.5547337,3424.58807495,4696765187.87625,22603.0,40.617,0.151
2018-12-12,3534.22857953,3413.48135271,3421.4583733000004,3486.95014412,4139364828.9522295,21876.0,38.696,0.152
2018-12-13,3489.73939494,3298.13196161,3487.87935755,3313.67725772,4343372456.24872,21792.0,40.475,0.16699999999999998
2018-12-14,3329.55602092,3206.54229103,3311.75191371,3242.48476281,4372763663.291511,24445.0,43.602,0.153
2018-12-15,3275.37782696,3191.30356157,3243.99754038,3236.76164502,3551763561.3803897,18577.0,38.208,0.145
2018-12-16,3305.75310795,3233.81979097,3236.2747733,3252.83902595,3744248994.37924,19526.0,36.314,0.131
2018-12-17,3597.9178884999997,3253.12299273,3253.12299273,3545.86476058,5409247918.11952,24940.0,44.181000000000004,0.18600000000000003
2018-12-18,3701.34942887,3487.16920219,3544.76156472,3696.05912776,5911325472.511829,25600.0,43.153,0.134
2018-12-19,3949.32295089,3687.23002226,3706.82484989,3745.95076478,6810689118.779679,26446.0,47.327,0.209
2018-12-20,4191.22870639,3728.97463571,3742.19518335,4134.44120304,8927129279.04703,24630.0,48.913999999999994,0.18899999999999997
2018-12-21,4198.42957996,3850.94616856,4133.703587,3896.54371704,7206015706.475591,22143.0,43.645,0.209
2018-12-22,4014.18251388,3855.73893391,3898.08367671,4014.18251388,5605823232.5442705,17737.0,36.333,0.218
2018-12-23,4085.72358463,3976.4057328000004,4020.99467354,3998.98034184,6151275489.92045,17701.0,36.116,0.2
2018-12-24,4271.79245,4000.33178206,4000.33178206,4078.59919478,7240968501.10825,21198.0,41.168,0.18600000000000003
2018-12-25,4089.56159334,3760.02039224,4081.03047102,3815.49060966,6158207293.44091,18394.0,38.724000000000004,0.196
2018-12-26,3893.35973112,3769.86381605,3819.66669066,3857.29751969,5326547918.2356,19107.0,37.079,0.191
2018-12-27,3874.41687968,3645.44843766,3854.68857317,3654.83353854,5130222366.470921,19522.0,38.225,0.19399999999999998
2018-12-28,3956.13609361,3642.63210325,3653.13192864,3923.91859424,5631554348.35522,20589.0,38.309,0.185
2018-12-29,3963.75880829,3820.40868219,3932.49180904,3820.40868219,4991655917.4825,19252.0,34.657,0.166
2018-12-30,3901.9090156999996,3797.21912198,3822.38483485,3865.95257679,4770578574.97409,18295.0,31.836,0.22
2018-12-31,3868.74298842,3725.86749335,3866.83899926,3742.70033544,4661840806.32313,18611.0,31.275,0.166
2019-01-01,3850.91376479,3707.23130258,3746.71338747,3843.51996727,4324200990.19464,17069.0,31.318,0.17300000000000001
2019-01-02,3947.9812729,3817.40949569,3849.21640853,3943.40933686,5244856835.70851,18830.0,35.638000000000005,0.16899999999999998
2019-01-03,3935.68513083,3826.22287069,3931.04863841,3836.74131867,4530215218.840179,26754.0,36.12,0.183
2019-01-04,3865.93453193,3783.8536653000006,3832.03996811,3857.71761887,4847965467.09122,21139.0,35.510999999999996,0.166
2019-01-05,3904.90309592,3836.90012599,3851.97396457,3845.19446017,5137609823.75761,20096.0,29.151999999999997,0.17
2019-01-06,4093.29744447,3826.51306238,3836.51915828,4076.63268458,5597027439.59745,18883.0,31.654,0.172
2019-01-07,4092.61343706,4020.89395079,4078.58505461,4025.24828708,5228625637.093821,20476.0,37.173,0.179
2019-01-08,4109.02106516,3996.95525626,4028.47207166,4030.84799935,5306593305.067229,19387.0,33.179,0.198
2019-01-09,4068.40358144,4022.66280883,4031.55201569,4035.29636921,5115905224.62691,21237.0,33.957,0.188
2019-01-10,4064.06655088,3659.17453883,4034.41144545,3678.92468128,6874143795.71863,20948.0,38.559,0.165
2019-01-11,3713.88184691,3653.06980474,3674.01543102,3687.3654818000005,5538712864.65637,19317.0,34.92,0.16
2019-01-12,3698.9783488000007,3653.81085703,3686.97309735,3661.30098975,4778170882.56059,16138.0,30.058000000000003,0.153
2019-01-13,3674.75998688,3544.92722821,3658.86811698,3552.95306759,4681302465.81578,16041.0,30.026,0.168
2019-01-14,3727.83629128,3552.28515158,3557.31113168,3706.05222041,5651384489.83351,19018.0,32.963,0.161
2019-01-15,3720.15341533,3619.94912664,3704.21630768,3630.67522467,5537192301.96239,18363.0,31.546,0.14400000000000002
2019-01-16,3685.77705953,3624.67338834,3631.5098712,3655.00688578,5394457144.65099,18790.0,30.686,0.16
2019-01-17,3680.13601133,3621.96099215,3651.87098588,3678.56397636,5464420383.38187,21544.0,30.103,0.153
2019-01-18,3682.52000204,3637.08086521,3677.99058389,3657.83943502,5002961726.8303,19125.0,28.987,0.168
2019-01-19,3758.53352345,3652.37783507,3652.37783507,3728.56836493,5955691379.94133,16923.0,26.268,0.158
2019-01-20,3743.38797121,3583.01948596,3725.44612463,3601.0135915,5582489559.53197,17285.0,25.537,0.157
2019-01-21,3608.84084892,3558.53714829,3600.37273885,3576.03243928,5004347059.445971,18571.0,28.514,0.159
2019-01-22,3620.74655094,3539.72132372,3575.08123989,3604.57705248,5313623556.00702,18601.0,28.155,0.142
2019-01-23,3623.06775216,3565.31403323,3605.55702187,3585.12306636,5433755648.65326,19434.0,27.432,0.156
2019-01-24,3616.08741447,3569.09284671,3584.5003014,3600.86550122,5262869046.43655,19994.0,28.549,0.174
2019-01-25,3612.92766233,3575.59733314,3607.3903840999997,3599.7658879,5265847538.53257,17787.0,27.433000000000003,0.14
2019-01-26,3654.93319305,3593.34583728,3599.7153629,3602.46043861,5098183234.66414,16307.0,24.778000000000002,0.168
2019-01-27,3612.67142766,3567.24575778,3604.68726747,3583.96576317,5570752966.31456,14794.0,24.639,0.142
2019-01-28,3586.75087826,3439.23300929,3584.28327917,3470.45054223,6908930483.466371,19069.0,31.15,0.152
2019-01-29,3476.06536415,3400.81972619,3468.87015541,3448.11702209,5897159492.96958,19242.0,30.398000000000003,0.155
2019-01-30,3495.1748876,3429.38794807,3443.89706175,3486.18175093,5955112626.75721,19785.0,28.51,0.13699999999999998
2019-01-31,3504.80488538,3447.91581548,3485.40928952,3457.79274724,5831198270.86504,20616.0,28.118000000000002,0.16899999999999998
2019-02-01,3501.95413455,3431.59149165,3460.54712403,3487.94538683,5422926707.35329,14658.0,26.961,0.156
2019-02-02,3523.28733174,3467.57468262,3484.62588008,3521.06078726,5071623600.96582,15728.0,24.926,0.138
2019-02-03,3521.38822007,3447.92431416,3516.13956776,3464.01332586,5043937583.94819,15208.0,23.495,0.15
2019-02-04,3476.22377768,3442.5869204000005,3467.2116661,3459.15414635,5332718886.30653,18658.0,29.666999999999998,0.151
2019-02-05,3478.14811641,3451.93695191,3454.9508136,3466.35743916,5227549544.8948,19792.0,33.781,0.151
2019-02-06,3469.09170088,3398.56538208,3469.09170088,3413.7677182999996,5482196037.614861,20673.0,32.133,0.155
2019-02-07,3427.94560955,3394.21860755,3414.92953864,3399.47164359,5004962682.80801,18834.0,30.561999999999998,0.152
2019-02-08,3695.61397521,3391.02375248,3401.37643333,3666.78035061,7735623101.05035,20304.0,31.625,0.14300000000000002
2019-02-09,3679.94151048,3646.55933455,3671.58595682,3671.20370545,6158833644.65178,18400.0,29.973000000000003,0.154
2019-02-10,3695.03601276,3640.97995463,3673.20153682,3690.18824383,6282256902.9225,15294.0,26.703000000000003,0.155
2019-02-11,3695.61303928,3642.28773261,3695.61303928,3648.43062774,6277056433.57185,17137.0,28.264,0.152
2019-02-12,3668.58683348,3618.55692543,3642.75185939,3653.52864497,6480384531.73272,18536.0,28.337,0.142
2019-02-13,3669.74651062,3617.2464284999996,3653.60399078,3632.07060268,6438903822.53137,19037.0,27.599,0.17600000000000002
2019-02-14,3646.25659694,3607.69780014,3631.17019256,3616.88097021,6271044417.92334,20146.0,27.075,0.133
2019-02-15,3647.7950639,3608.20643294,3617.36836687,3620.81075285,6091952230.58605,17973.0,25.999000000000002,0.145
2019-02-16,3652.84126709,3615.27026725,3615.27026725,3629.78749138,5934744051.69985,14503.0,24.820999999999998,0.174
2019-02-17,3680.53728847,3619.18213016,3633.35947964,3673.83629289,7039512502.6247,15013.0,24.160999999999998,0.146
2019-02-18,3936.66500089,3669.98232379,3671.36998898,3915.71447331,9908216640.364859,20088.0,33.736,0.156
2019-02-19,4010.87942178,3908.15296756,3911.66152075,3947.09440657,9933626654.81582,20657.0,35.28,0.165
2019-02-20,4000.48629461,3926.24692473,3946.68498546,3999.82050882,8693373948.00982,19783.0,32.853,0.16
2019-02-21,4010.009483,3940.10818712,4000.25678662,3954.1182433,7775128102.44287,18673.0,31.232,0.15
2019-02-22,4006.53838667,3950.81642747,3952.4063736999997,4005.52660406,7826525254.378791,18990.0,29.979,0.198
2019-02-23,4166.28616128,3968.72669838,3998.91627262,4142.52692999,8922258315.77183,17467.0,30.331,0.151
2019-02-24,4210.64175454,3793.70900544,4145.45786231,3810.42743065,10794227451.2229,19043.0,36.812,0.17
2019-02-25,3913.70726513,3807.00244566,3807.00244566,3882.69629339,9318796066.6747,18557.0,31.877,0.162
2019-02-26,3891.57896247,3837.98643789,3878.6973183,3854.35793575,7931218996.384029,18337.0,29.669,0.17600000000000002
2019-02-27,3888.80258758,3787.05877702,3857.47978186,3851.04747978,8301309684.135329,17989.0,27.904,0.163
2019-02-28,3906.0584282,3845.82138085,3848.2620255,3854.78528208,8399767798.457041,17668.0,27.635,0.155
2019-03-01,3907.79548566,3851.69234979,3853.75713203,3859.58375221,7661247975.11185,16498.0,26.61,0.159
2019-03-02,3874.60748448,3832.12797211,3855.31822217,3864.41510673,7578786075.610391,14475.0,24.583000000000002,0.146
2019-03-03,3875.48371414,3836.90573367,3862.26616642,3847.17569934,7253558152.321779,14176.0,24.289,0.16699999999999998
2019-03-04,3867.38181147,3733.74966077,3845.09155774,3761.55701842,9029175787.94408,17545.0,27.275,0.15
2019-03-05,3903.91675352,3745.18318172,3759.83244114,3896.37502308,10174126414.5332,18838.0,28.705,0.171
2019-03-06,3919.51051824,3871.46059394,3897.08106256,3903.9425831999993,9175291528.51699,18028.0,28.405,0.153
2019-03-07,3939.37339556,3894.11295638,3903.3847998000006,3911.4842891000003,9584165518.675291,18488.0,27.574,0.16399999999999998
2019-03-08,3950.43223806,3875.22842393,3913.22593587,3901.13162355,10638638944.001,17183.0,26.250999999999998,0.16899999999999998
2019-03-09,3987.23778458,3892.39046739,3894.55252613,3963.31374243,10796103518.2198,17366.0,25.93,0.166
2019-03-10,3966.1742331999994,3924.38105934,3966.1742331999994,3951.59982769,9713267606.58481,15841.0,24.944000000000003,0.15
2019-03-11,3966.38473672,3889.23913266,3953.74017402,3905.22731979,10125901902.7266,18186.0,26.497,0.17600000000000002
2019-03-12,3926.88908293,3863.55909997,3903.75829416,3909.15620907,9809887079.436892,19917.0,26.521,0.161
2019-03-13,3926.59772853,3891.90419153,3913.047443,3906.71716859,9469184841.22373,18492.0,25.691999999999997,0.159
2019-03-14,3946.50428698,3901.2968769,3905.57699911,3924.369118,10480789569.5861,20023.0,24.705,0.184
2019-03-15,3968.54286634,3914.01535654,3926.66323109,3960.91118728,9394210604.857521,20206.0,24.522,0.153
2019-03-16,4077.03628216,3961.6575267,3963.90011952,4048.72590374,9856166973.209558,17435.0,25.322,0.177
2019-03-17,4054.12201368,4006.41114819,4047.71957111,4025.22897966,8221625399.65813,15347.0,24.261999999999997,0.14800000000000002
2019-03-18,4071.55673145,4009.11722623,4029.96845808,4032.50738522,9646954186.20681,18737.0,27.058000000000003,0.187
2019-03-19,4082.21601126,4023.81254521,4032.69200717,4071.19020004,9344919956.26907,18727.0,28.929000000000002,0.16899999999999998
2019-03-20,4089.46189246,4031.11074047,4070.7940175,4087.47629856,10175916388.2762,19248.0,29.28,0.16699999999999998
2019-03-21,4097.35995254,4005.15127452,4083.95389256,4029.32690706,10831212661.6887,19423.0,29.565,0.163
2019-03-22,4053.90667736,4021.54243412,4028.51456305,4023.96816173,9252935969.11583,16970.0,26.6,0.168
2019-03-23,4049.88248617,4015.96469723,4022.71330744,4035.82635079,9578850549.20952,15265.0,24.055,0.16
2019-03-24,4040.69962534,4006.19284731,4035.16354472,4022.1682822,9144851064.99816,13501.0,23.095,0.153
2019-03-25,4038.84089385,3934.03136241,4024.11267975,3963.07065416,10359818882.7206,17740.0,25.583000000000002,0.166
2019-03-26,3985.08080287,3944.75317214,3969.22885592,3985.08080287,10707678814.874,17060.0,25.845,0.145
2019-03-27,4087.06622992,3977.81046621,3984.24481868,4087.06622992,10897131934.1801,18796.0,28.596,0.17
2019-03-28,4094.90217427,4040.26644055,4087.584591,4069.10714977,9353915899.018291,19331.0,26.816,0.166
2019-03-29,4113.50083216,4034.09716136,4068.29989093,4098.37454059,10918665556.7509,19794.0,27.616,0.163
2019-03-30,4296.806650199999,4053.90965067,4092.13616358,4106.66008466,9732688060.4259,16862.0,23.984,0.156
2019-03-31,4113.02361297,4094.10084931,4105.45617673,4105.40429618,9045122442.86547,13999.0,23.026,0.174
2019-04-01,4164.95332383,4096.90125463,4105.36242087,4158.18307045,10157794170.601,19381.0,29.16,0.161
2019-04-02,4905.95443266,4155.31667828,4156.91964324,4879.87782845,21315047816.2034,31271.0,64.98899999999999,0.214
2019-04-03,5307.00360895,4876.62131112,4879.95813337,4973.02181522,22899891582.3906,27604.0,68.235,0.204
2019-04-04,5063.1597258,4836.79382246,4971.30774104,4922.79878778,18251810239.6095,19138.0,49.695,0.212
2019-04-05,5053.50997402,4919.49163361,4922.80611783,5036.68110011,16837325387.2428,21242.0,40.256,0.215
2019-04-06,5205.82193076,4992.22200103,5036.79302365,5059.81718799,16929795193.6879,18512.0,34.211,0.192
2019-04-07,5235.1864351,5050.41230153,5062.79376134,5198.89699014,16655416140.2699,18379.0,35.299,0.222
2019-04-08,5318.83648777,5148.21181354,5199.83537777,5289.77104039,17154113634.3214,21850.0,42.388000000000005,0.222
2019-04-09,5289.91798137,5167.41905834,5289.91798137,5204.95837847,14722104361.4039,21506.0,38.846,0.2
2019-04-10,5421.65146794,5193.38250879,5204.10530845,5324.5518687,15504590933.2653,20630.0,38.330999999999996,0.23
2019-04-11,5354.22546556,5017.29640976,5325.08155529,5064.48767243,16555616019.1146,19646.0,39.654,0.21899999999999997
2019-04-12,5103.27440858,4955.85259984,5061.20088735,5089.53891201,13675206312.4982,19211.0,34.93,0.205
2019-04-13,5127.12209428,5061.58936959,5088.84997329,5096.58656276,10823289598.3117,14753.0,29.061,0.19899999999999998
2019-04-14,5184.01606396,5053.56858614,5095.75863359,5167.72236684,10391952498.0296,15018.0,28.926,0.19
2019-04-15,5196.60679923,5024.06937381,5167.32198286,5067.10847228,12290155060.9227,21915.0,33.819,0.24
2019-04-16,5238.9452381,5055.19496077,5066.57760057,5235.55941893,11618660197.331001,20162.0,34.641999999999996,0.204
2019-04-17,5274.27555335,5219.20559934,5236.13523984,5251.93818854,12438480676.6085,18090.0,34.818000000000005,0.21
2019-04-18,5319.98611387,5250.50665911,5251.48069196,5298.38569881,13256489918.0909,17682.0,32.63,0.22699999999999998
2019-04-19,5336.68000293,5233.33520521,5298.15452927,5303.81261613,13780238655.1805,18120.0,32.176,0.212
2019-04-20,5358.49049306,5295.87771212,5304.1605399,5337.8861323,13169647522.1762,17709.0,30.735,0.19899999999999998
2019-04-21,5359.92503038,5257.33953186,5335.87896599,5314.5314532,13731844222.8199,17222.0,29.825,0.22699999999999998
2019-04-22,5422.68742206,5280.27672867,5312.49464201,5399.36541009,14601631647.9961,17408.0,33.416,0.19899999999999998
2019-04-23,5633.80205461,5389.40888788,5399.36570489,5572.36206051,15867308107.9804,22296.0,43.762,0.21899999999999997
2019-04-24,5642.04459312,5418.26332858,5571.50817669,5464.86664182,17048033399.0899,19743.0,38.506,0.271
2019-04-25,5542.23830474,5181.33901806,5466.52427676,5210.51555862,15330283408.0494,19506.0,36.393,0.21100000000000002
2019-04-26,5383.63441532,5177.36851375,5210.30491981,5279.34821147,16812108039.6273,21070.0,37.414,0.221
2019-04-27,5310.75014488,5233.63572083,5279.47114181,5268.29106346,13111274675.1063,16710.0,29.119,0.192
2019-04-28,5326.23201477,5255.68374555,5271.74639378,5285.13900822,12819992055.6275,17580.0,27.714000000000002,0.245
2019-04-29,5311.27468235,5216.48796096,5284.85852173,5247.35253746,13735490672.3168,20448.0,30.926,0.213
2019-04-30,5363.25752308,5224.18984511,5247.72588172,5350.72669668,13878964573.7961,21581.0,30.441999999999997,0.19899999999999998
2019-05-01,5418.004045000001,5347.6461061,5350.91450555,5402.69709069,13679528236.4505,20851.0,30.521,0.233
2019-05-02,5522.26255673,5394.21751696,5402.42286531,5505.28367176,14644460907.0129,22445.0,32.141999999999996,0.23399999999999999
2019-05-03,5865.88207851,5490.2018628999995,5505.55237976,5768.28940693,18720780005.7302,24485.0,40.868,0.212
2019-05-04,5886.893499399999,5645.46932165,5769.20253322,5831.16747167,17567780765.6085,17068.0,34.809,0.204
2019-05-05,5833.86291815,5708.03512399,5831.06846097,5795.70842926,14808830722.9304,16535.0,34.494,0.22899999999999998
2019-05-06,5802.95753492,5653.68761092,5791.69326658,5746.80700343,15737171804.1755,17404.0,35.347,0.24
2019-05-07,5988.17834158,5741.39591074,5745.59904909,5829.50151628,18026409032.5876,23358.0,40.915,0.213
2019-05-08,5989.98114696,5794.71564865,5849.48135039,5982.45732286,15320605299.5998,21963.0,41.782,0.251
2019-05-09,6183.03929388,5982.31627033,5982.31627033,6174.52868876,16784645410.7955,23754.0,46.364,0.249
2019-05-10,6434.61766164,6161.51907243,6175.82273778,6378.8489737,19419875367.6122,26998.0,50.085,0.231
2019-05-11,7333.00312262,6375.69861161,6379.66690526,7204.77169716,28867562329.2995,28634.0,64.238,0.27399999999999997
2019-05-12,7503.87183327,6815.77092608,7203.50752166,6972.37152291,27773333679.6781,24282.0,66.938,0.312
2019-05-13,8047.41300187,6898.2824267000005,6971.17820581,7814.91513992,28677672181.4518,30708.0,76.832,0.3
2019-05-14,8268.71267944,7696.39104325,7807.88444936,7994.41615632,32031452226.8167,30481.0,89.97399999999999,0.298
2019-05-15,8216.42381116,7899.10688404,7989.37450547,8205.16749484,28344112919.5707,26417.0,73.578,0.331
2019-05-16,8320.82435452,7729.60838515,8194.50090343,7884.90929094,33167197581.0209,25357.0,68.45,0.327
2019-05-17,7929.14555093,7038.12453946,7886.92599261,7343.89571659,30066644905.1297,24758.0,67.824,0.307
2019-05-18,7447.271740800001,7251.50451112,7341.66441915,7271.20790408,21354286561.9857,21030.0,50.718,0.301
2019-05-19,8261.94116696,7267.96301884,7267.96301884,8197.68969114,25902422039.648,23521.0,55.758,0.325
2019-05-20,8200.96799673,7678.78158711,8196.92393539,7978.30907244,23843404339.5117,26986.0,57.863,0.301
2019-05-21,8062.16804044,7843.33978307,7977.96936984,7963.32777911,25127245056.398,26690.0,55.133,0.336
2019-05-22,7997.61243859,7615.98748467,7956.29214912,7680.06654589,24719473174.9693,28228.0,51.77,0.344
2019-05-23,7943.79138993,7533.196693000001,7677.26883391,7881.84672105,24457107820.1032,23030.0,48.216,0.292
2019-05-24,8140.71991773,7824.44888684,7881.6953208,7987.37156583,25919126990.992996,24832.0,47.382,0.33299999999999996
2019-05-25,8117.92594496,7965.97621163,7991.88503911,8052.54385907,22256813106.5725,21858.0,42.77,0.29100000000000004
2019-05-26,8687.52079924,7924.67019111,8055.20591925,8673.21603511,26677970091.4978,24478.0,45.266999999999996,0.34600000000000003
2019-05-27,8907.17444077,8668.70492015,8674.07240318,8805.778376600001,27949839563.9382,28581.0,65.33800000000001,0.365
2019-05-28,8807.01613958,8634.72130428,8802.75819975,8719.9617362,24226919266.6635,26446.0,57.648,0.355
2019-05-29,8755.85207898,8482.72893785,8718.59132866,8659.48775584,23473479966.1112,25021.0,52.838,0.365
2019-05-30,9008.31456846,8221.27336604,8661.76050606,8319.47222898,29246528551.201,27798.0,55.846000000000004,0.331
2019-05-31,8586.65937818,8172.55084356,8320.28637611,8574.50164907,25365190957.3896,23693.0,53.24100000000001,0.273
2019-06-01,8625.60025901,8481.57822194,8573.83972489,8564.01647182,22488303543.9471,18033.0,45.25899999999999,0.341
2019-06-02,8809.30399136,8561.23513935,8565.47326214,8742.95810038,20266216022.1639,17800.0,43.354,0.305
2019-06-03,8743.50012386,8204.18581516,8741.74721596,8208.99482964,22004511436.0117,21639.0,47.52,0.306
2019-06-04,8210.98582388,7564.48860353,8210.98582388,7707.77077085,24609731548.7902,22663.0,55.299,0.33899999999999997
2019-06-05,7901.8489052,7668.668700300001,7704.34318039,7824.23153913,21760923463.0297,20976.0,47.501999999999995,0.278
2019-06-06,7937.34087946,7571.47097209,7819.63337781,7822.02338228,19474611077.3689,18986.0,43.909,0.273
2019-06-07,8126.15348327,7788.3733918,7826.90126518,8043.95135807,19141423230.7911,18556.0,44.687,0.293
2019-06-08,8076.89110147,7837.61096128,8036.774936,7954.12772355,16522722809.9052,16193.0,37.728,0.25
2019-06-09,7975.97432619,7583.21971271,7949.67470562,7688.07711075,16610726547.0477,14067.0,37.548,0.28
2019-06-10,8031.90989621,7586.73084679,7692.28467885,8000.32982299,18689275117.4736,16525.0,40.481,0.28300000000000003
2019-06-11,8026.3942184,7772.80393035,8004.24354228,7927.71435114,17107279931.9857,16251.0,40.996,0.28300000000000003
2019-06-12,8196.64825685,7862.3597896,7925.43410401,8145.85747373,19034432883.3832,16268.0,41.379,0.268
2019-06-13,8311.56742951,8087.06116595,8145.54523047,8230.92383068,18669407147.4338,17035.0,41.0,0.311
2019-06-14,8710.63642127,8183.39293312,8230.89877378,8693.83281543,19831162905.968998,18696.0,44.847,0.321
2019-06-15,8859.12746691,8618.39596373,8689.74641372,8838.37523367,18371033226.454,16573.0,44.596000000000004,0.26899999999999996
2019-06-16,9335.86694232,8814.55645906,8841.44078361,8994.48801293,23348550310.9672,22492.0,55.303999999999995,0.308
2019-06-17,9416.40744016,8988.92370914,8988.92370914,9320.35218253,15562951918.8338,20646.0,59.077,0.34299999999999997
2019-06-18,9348.37442796,9004.90174624,9335.46690152,9081.76285149,15848210535.5012,21527.0,59.827,0.35700000000000004
2019-06-19,9299.62104446,9070.39599386,9078.72760253,9273.52176614,15546809946.0294,18490.0,51.06399999999999,0.35
2019-06-20,9594.42027595,9232.48426293,9273.06078283,9527.16035008,17846823783.9018,22820.0,51.443999999999996,0.29100000000000004
2019-06-21,10144.5567168,9525.07460809,9525.07460809,10144.5567168,20624008643.439,27828.0,65.74600000000001,0.348
2019-06-22,11157.345516399999,10107.0352041,10175.923956100001,10701.691013,29995204860.6379,39374.0,103.588,0.396
2019-06-23,11246.1441834,10556.095932,10696.6909289,10855.3710156,20998326501.9612,24127.0,72.57300000000001,0.413
2019-06-24,11065.896017799998,10610.4280819,10853.7438384,11011.1024485,19271652364.8505,25892.0,74.678,0.39
2019-06-25,11790.916533,11007.2020736,11007.2020736,11790.916533,24879684533.0455,27019.0,85.28200000000001,0.365
2019-06-26,13796.489080700001,11755.597775,11778.5811328,13016.2317442,45105733173.1893,41687.0,150.505,0.498
2019-06-27,13311.144304899999,10491.8523044,13017.124866799999,11182.8062855,39977475222.6314,30175.0,125.666,0.384
2019-06-28,12445.1752203,10914.4948615,11162.167825499999,12407.331998,35087757765.864,27588.0,94.31299999999999,0.42700000000000005
2019-06-29,12400.910221,11508.3784271,12400.7636934,11959.3709764,29923961127.7756,21149.0,71.811,0.396
2019-06-30,12178.383359799998,10799.0085788,11931.990728,10817.1555981,27256473494.4706,17663.0,63.698,0.37
2019-07-01,11206.439860600001,10089.314373899999,10796.930618299999,10583.1345195,29378589324.4453,23124.0,72.71,0.349
2019-07-02,10912.188615899999,9737.88454398,10588.683694700001,10801.6779238,31015895222.9625,23546.0,73.678,0.38299999999999995
2019-07-03,11968.0776971,10818.1558221,10818.1558221,11961.2693412,30796494293.7676,22563.0,67.179,0.373
2019-07-04,12006.0753559,11166.568860100002,11972.7185797,11215.4375483,25920294033.3402,19546.0,62.187,0.373
2019-07-05,11395.6613596,10874.9649233,11203.102487600001,10978.4599518,23838480210.0513,19656.0,57.568000000000005,0.389
2019-07-06,11620.9651525,10982.5439142,10982.5439142,11208.5508454,21092024306.2619,16184.0,50.54600000000001,0.35700000000000004
2019-07-07,11541.6198726,11148.8048129,11217.6159338,11450.8467553,19369044276.9011,15820.0,47.856,0.344
2019-07-08,12345.8331464,11393.3743129,11446.597155299998,12285.958217,23482551458.3087,21434.0,59.067,0.408
2019-07-09,12779.1320971,12233.2620314,12284.3264649,12573.8129407,28167921522.6206,22180.0,67.907,0.344
2019-07-10,13129.528933900001,11710.978414700001,12571.5371616,12156.5126313,33627574244.0567,23834.0,70.75,0.354
2019-07-11,12144.6227945,11158.922814200001,12139.713837899999,11358.661752,28595327690.1018,20230.0,64.95100000000001,0.32899999999999996
2019-07-12,11905.487006399999,11179.1448437,11354.299624,11815.986686700002,23534692796.6076,31450.0,64.57300000000001,0.364
2019-07-13,11841.9572004,10908.4793185,11813.1273165,11392.379335700001,21042616383.5567,21442.0,52.286,0.311
2019-07-14,11451.2037673,10234.5764143,11381.0208987,10256.0582756,22486000001.3479,19451.0,53.468999999999994,0.297
2019-07-15,11052.7667966,9992.00724951,10257.8385363,10895.0893874,25384047206.6059,22735.0,64.697,0.307
2019-07-16,10996.633279799998,9448.106748299999,10896.6533265,9477.64204235,24151199069.746002,22784.0,66.71600000000001,0.316
2019-07-17,9963.13442838,9163.13464449,9471.21400074,9693.80272448,24569921548.6747,24278.0,68.55199999999999,0.23800000000000002
2019-07-18,10736.8430131,9376.79846015,9698.50274016,10666.482849099999,25187024648.1732,24597.0,64.297,0.28800000000000003
2019-07-19,10716.980672700001,10229.6289244,10653.956443000001,10530.7326264,20727426309.5903,25759.0,55.783,0.299
2019-07-20,11048.662346100002,10451.2760142,10525.819,10767.1395226,20206615154.6533,21566.0,47.641999999999996,0.34700000000000003
2019-07-21,10841.8877848,10389.5998035,10777.5296892,10599.105396500001,17130580467.0391,20697.0,46.608000000000004,0.272
2019-07-22,10651.7912019,10154.9215831,10596.948074700002,10343.1061684,16334414913.1969,23274.0,49.381,0.297
2019-07-23,10346.747704700001,9883.59513007,10346.747704700001,9900.76801058,17851916994.61,21610.0,50.494,0.314
2019-07-24,9908.7972369,9614.30658327,9887.73084418,9811.92618837,17398734321.6307,22926.0,52.869,0.257
2019-07-25,10154.2540296,9773.95670972,9809.09690775,9911.84226491,15821952090.4731,19361.0,50.398,0.304
2019-07-26,9916.51772964,9717.9822414,9913.12718948,9870.30353766,14495714483.2295,17954.0,45.77,0.29600000000000004
2019-07-27,10167.320557500001,9411.52180812,9871.16499086,9477.67767811,16817809536.373001,16400.0,47.033,0.254
2019-07-28,9575.54534858,9252.296863299998,9491.62688749,9552.86043541,13738687092.7752,14762.0,43.512,0.29
2019-07-29,9681.64800826,9472.94833737,9548.17889422,9519.14591371,13791445323.2415,17179.0,47.477,0.259
2019-07-30,9701.7593939,9437.3362874,9522.32895542,9607.42368665,13829811132.0847,18294.0,45.865,0.267
2019-07-31,10085.6277491,9598.09768275,9604.05115871,10085.6277491,16631520647.7532,19647.0,47.373999999999995,0.316
2019-08-01,10446.9203303,9922.01981608,10077.442592,10399.6694229,17165337857.81,19930.0,47.003,0.23800000000000002
2019-08-02,10657.95271,10371.0139875,10402.043427399998,10518.1746772,17489094081.7003,19806.0,49.696999999999996,0.33299999999999996
2019-08-03,10946.7813264,10503.504397499999,10519.278349,10821.726510299999,15352685060.58,15856.0,45.571999999999996,0.311
2019-08-04,11009.206914299999,10620.2782517,10821.6329392,10970.184215700001,16530894786.8053,15514.0,44.225,0.297
2019-08-05,11895.091927500001,10960.7357349,10960.7357349,11805.653725299999,23875988832.3366,24014.0,65.251,0.26899999999999996
2019-08-06,12273.8213783,11290.7316542,11811.5450274,11478.169346100001,23635107659.8143,21526.0,64.065,0.319
2019-08-07,12036.989890500001,11433.701205,11476.1934394,11941.9683406,22194988641.2161,19684.0,57.065,0.29
2019-08-08,11979.4201746,11556.168450799998,11954.0403364,11966.407405,19481591729.5165,17352.0,54.121,0.322
2019-08-09,11970.4577149,11709.745378799998,11953.4695395,11862.936759999999,18339989959.5105,17787.0,49.051,0.307
2019-08-10,11915.655260299998,11323.8987573,11861.556695399999,11354.0242177,18125355447.0493,15781.0,44.675,0.308
2019-08-11,11523.5793784,11248.2948234,11349.739894299999,11523.5793784,15774371517.9934,14407.0,42.268,0.28
2019-08-12,11528.1893667,11320.9515001,11528.1893667,11382.615956200001,13647198229.0109,18156.0,48.146,0.265
2019-08-13,11420.0498609,10830.326914399999,11385.0524972,10895.830435799999,16681503536.9668,18208.0,48.607,0.316
2019-08-14,10889.5569207,10028.135363500001,10889.4877427,10051.703931299999,19990838299.8764,19072.0,54.038999999999994,0.281
2019-08-15,10437.410650700001,9675.3164202,10038.4217089,10311.545429,22899115082.1403,19697.0,57.038000000000004,0.257
2019-08-16,10524.3498284,9855.47883007,10319.4203458,10374.3393471,20228207096.3622,19352.0,48.832,0.255
2019-08-17,10452.624692399999,10086.697960299998,10358.7225407,10231.7438454,13778035685.0204,15703.0,40.656,0.251
2019-08-18,10487.070244,10119.0946079,10233.0062966,10345.8103795,12999813869.0485,14246.0,41.321000000000005,0.251
2019-08-19,10916.053870200001,10313.2044338,10350.283631,10916.053870200001,16038264603.2616,16770.0,47.547,0.294
2019-08-20,10947.0417192,10618.960678200001,10916.346717100001,10763.2326304,15053082175.362,16596.0,46.541000000000004,0.266
2019-08-21,10798.7297949,9962.7216442,10764.5727493,10138.049355,19473084767.8293,18179.0,47.781000000000006,0.248
2019-08-22,10232.9960286,9831.46262049,10142.521429999999,10131.0561021,17097508856.2413,17858.0,45.062,0.265
2019-08-23,10442.4435166,10078.1927261,10136.3095336,10407.965329,15627023886.2172,17668.0,44.119,0.268
2019-08-24,10418.0204345,9982.29685483,10407.6442328,10159.960538500001,15451030650.3596,14618.0,39.099000000000004,0.257
2019-08-25,10304.6222586,10008.7887534,10160.7370213,10138.517665000001,14153856609.6535,14278.0,38.104,0.253
2019-08-26,10512.327753399999,10126.299518700001,10126.299518700001,10370.820160500001,18438654079.5348,16826.0,44.028,0.239
2019-08-27,10381.3283434,10087.3005576,10372.8263035,10185.4998997,14762609502.7663,20448.0,43.376000000000005,0.254
2019-08-28,10279.3659944,9716.65581044,10203.4268025,9754.42327325,17603790323.1144,19033.0,44.59,0.263
2019-08-29,9756.78570735,9421.63015965,9756.78570735,9510.20054413,17045878500.7915,17137.0,49.426,0.249
2019-08-30,9656.12392624,9428.30239699,9514.84485249,9598.17364826,13595263986.4386,16339.0,41.032,0.23800000000000002
2019-08-31,9673.22043974,9531.79983914,9597.539447600002,9630.66384768,11454806419.0115,13453.0,35.774,0.251
2019-09-01,9796.75596805,9582.94463078,9630.59319616,9757.97031807,11445355859.3666,14620.0,34.79,0.20199999999999999
2019-09-02,10396.5913249,9730.65071681,9757.47323681,10346.7607927,17248102293.7972,17337.0,43.99100000000001,0.245
2019-09-03,10736.104720799998,10308.547880700002,10345.7251399,10623.5401172,19384917988.7139,20903.0,47.646,0.26
2019-09-04,10762.6442123,10434.7103971,10621.1803306,10594.493353599999,16742664768.543999,18177.0,43.416000000000004,0.233
2019-09-05,10627.2698685,10516.418233600001,10588.184021500001,10575.533284000001,14551239507.9754,16187.0,40.199,0.262
2019-09-06,10898.762180299998,10292.300130500002,10578.1978276,10353.302559200001,19536574782.8784,18376.0,42.604,0.247
2019-09-07,10558.673705,10348.919252200001,10353.9315807,10517.254784,15307366476.4524,14526.0,35.563,0.254
2019-09-08,10595.638080399998,10409.091259,10518.1141171,10441.275979,13670567492.7551,14593.0,34.623000000000005,0.261
2019-09-09,10450.311531799998,10144.929455,10443.228500700001,10334.9741628,17595943367.9607,17004.0,38.639,0.214
2019-09-10,10394.353922700002,10020.5734003,10336.4084054,10115.9757913,14906809639.1074,18300.0,37.94,0.27
2019-09-11,10215.9477875,9980.77667261,10123.0347321,10178.371889299999,15428063426.0714,17080.0,37.32,0.247
2019-09-12,10442.253874200002,10099.2419536,10176.819361599999,10410.1268031,15323563925.0222,16904.0,38.007,0.22
2019-09-13,10441.489016399999,10226.5969003,10415.362533299998,10360.547277299998,14109864674.7053,15885.0,35.352,0.22699999999999998
2019-09-14,10422.1334739,10291.6944928,10345.4037591,10358.0491621,13468713124.1199,13360.0,32.139,0.226
2019-09-15,10387.0348987,10313.092448000001,10356.4657676,10347.7129074,12043433567.3488,13380.0,31.906,0.226
2019-09-16,10386.8668661,10189.7445857,10347.222257899999,10276.7935649,15160167778.756,16491.0,34.933,0.215
2019-09-17,10296.771717200001,10199.7397431,10281.5133161,10241.2721545,15304603363.0642,17082.0,33.887,0.215
2019-09-18,10275.9290823,10191.4695236,10247.7960832,10198.2484072,16169268880.2039,18477.0,34.486999999999995,0.24
2019-09-19,10295.6689895,9851.69215634,10200.4958846,10266.414969399999,19937691247.0366,18387.0,37.4,0.198
2019-09-20,10285.872264799998,10132.1861639,10266.3185338,10181.6413094,14734189639.282,16907.0,34.296,0.214
2019-09-21,10188.0979122,10000.708048299999,10183.6480972,10019.716910100002,13425266806.3321,13899.0,29.885,0.22899999999999998
2019-09-22,10074.4444155,9922.53339543,10024.115262899999,10070.392106399999,13199651698.4687,14650.0,30.589000000000002,0.21899999999999997
2019-09-23,10074.238245999999,9727.14357367,10067.9626513,9729.32376435,15144925408.1142,18065.0,36.075,0.174
2019-09-24,9804.31716645,8370.80138242,9729.32139737,8620.56642733,25002886688.9271,21250.0,50.201,0.237
2019-09-25,8744.82844926,8325.39633159,8603.42867242,8486.99297206,21744728352.6112,21772.0,58.503,0.17800000000000002
2019-09-26,8515.68528527,7895.6296228,8487.66958635,8118.96756783,19258205289.3518,19619.0,54.492,0.17600000000000002
2019-09-27,8271.52075751,7965.92265351,8113.10095,8251.84555744,16408941155.5063,19119.0,48.563,0.14
2019-09-28,8285.6167637,8125.43166316,8251.27362342,8245.91515478,14141152736.1915,15414.0,38.973,0.18
2019-09-29,8261.70737338,7990.49716007,8246.03737695,8104.18567564,13034629108.5014,14229.0,36.216,0.154
2019-09-30,8314.23099666,7830.75876126,8104.22636732,8293.86774062,17115474183.4674,17758.0,43.398,0.155
2019-10-01,8497.6920351,8232.67960132,8299.72110496,8343.276681399999,15305343412.8303,17754.0,41.732,0.177
2019-10-02,8393.04164486,8227.69570267,8344.21264933,8393.04164486,13125712442.6871,15544.0,38.782,0.165
2019-10-03,8414.22717061,8146.43684146,8390.77428822,8259.99197863,13668823409.3658,15626.0,38.876,0.168
2019-10-04,8260.05563096,8151.23660841,8259.49447523,8205.93924121,13139456229.4067,14904.0,34.839,0.16699999999999998
2019-10-05,8215.52593054,8071.12083379,8210.14909246,8151.50052921,12200497197.2163,13536.0,31.875999999999998,0.158
2019-10-06,8161.41016074,7958.85083002,8149.87688203,7988.15595888,13160830305.1899,14729.0,32.95,0.161
2019-10-07,8308.45022135,7905.76589842,7989.12044675,8245.622933,18009742607.4426,16843.0,39.321,0.162
2019-10-08,8332.71517142,8185.7629675,8246.84962925,8228.7831528,15592264032.1241,16662.0,36.974000000000004,0.165
2019-10-09,8627.70620766,8169.29898629,8229.84046087,8595.73981722,19384942333.2248,17990.0,37.271,0.153
2019-10-10,8625.27283353,8471.93362208,8585.2798473,8586.47342543,17618660671.4154,17144.0,36.973,0.18899999999999997
2019-10-11,8721.78072149,8316.18140086,8585.26280768,8321.75671178,19604381101.2277,16759.0,34.305,0.151
2019-10-12,8415.24222171,8313.34130028,8315.66465289,8336.55527417,14532641604.5306,14136.0,30.305999999999997,0.153
2019-10-13,8470.98789038,8276.61224603,8336.90223051,8321.00574668,13808286058.975,14172.0,30.31,0.159
2019-10-14,8390.20904169,8284.13119151,8320.83224411,8374.6864467,15151387859.0232,17307.0,33.863,0.168
2019-10-15,8410.71471368,8182.70662559,8373.45825537,8205.36931588,15220412631.575,17552.0,34.707,0.171
2019-10-16,8216.81221666,7985.08963712,8204.67452005,8047.52686305,16071646995.521002,17713.0,35.233000000000004,0.162
2019-10-17,8134.8314486,8000.94263465,8047.81274259,8103.91137325,14313052244.0844,16806.0,34.534,0.155
2019-10-18,8138.41371165,7902.16409743,8100.93361588,7973.20744597,15651592610.2237,17011.0,34.14,0.158
2019-10-19,8082.62930791,7944.7770508,7973.8037681000005,7988.56044241,13797825640.2423,15757.0,30.019000000000002,0.14800000000000002
2019-10-20,8281.81863723,7949.43922655,7997.8070221,8222.07826034,15504249442.1065,13294.0,30.011,0.168
2019-10-21,8296.69397668,8196.41634287,8225.11518823,8243.72113905,15868748865.705,16282.0,33.74,0.163
2019-10-22,8296.65115115,8074.46280468,8243.40209165,8078.20332194,16803377856.538,19420.0,32.838,0.162
2019-10-23,8092.99949202,7469.32269922,8076.22846601,7514.67201276,21942878957.5397,20329.0,41.988,0.149
2019-10-24,7532.86765606,7446.98855091,7509.72818274,7493.48873154,16268708848.7612,17486.0,39.365,0.11800000000000001
2019-10-25,8691.53999754,7479.98432283,7490.70317641,8660.70063696,28705065488.2505,20601.0,44.381,0.159
2019-10-26,10021.743983,8662.62237955,8667.57715496,9244.97220867,44496255608.7526,25470.0,60.818999999999996,0.172
2019-10-27,9749.52966634,9112.54182017,9241.70707513,9551.7149631,32593129500.7442,17460.0,44.396,0.166
2019-10-28,9805.11808945,9256.14838876,9565.10188348,9256.14838876,30948255331.8234,18462.0,46.43,0.187
2019-10-29,9516.18104772,9232.64808578,9248.440562200001,9427.68758384,28426779937.4131,17199.0,42.992,0.17
2019-10-30,9426.87421747,9085.370356799998,9422.4633254,9205.72655905,27706531577.461002,17972.0,39.332,0.177
2019-10-31,9383.16089153,9028.71744031,9202.45758879,9199.58483269,26583653946.6317,20869.0,37.33,0.159
2019-11-01,9275.65727074,9132.04757639,9193.99198943,9261.104352,24324691031.33,17370.0,35.625,0.182
2019-11-02,9377.48656728,9249.58772699,9259.78300285,9324.71776331,21242676385.3271,14470.0,32.164,0.171
2019-11-03,9379.80687235,9141.25199093,9324.78683223,9235.35487947,21132220847.4905,14022.0,31.456,0.177
2019-11-04,9505.05167619,9191.48573922,9235.60706498,9412.61187106,26170255634.422,17953.0,36.088,0.175
2019-11-05,9457.41843455,9256.93201502,9413.00494286,9342.52717939,26198609047.8397,18119.0,37.573,0.184
2019-11-06,9423.23703723,9305.90931362,9340.86427973,9360.87991187,23133895764.6078,17193.0,35.774,0.165
2019-11-07,9368.47622343,9202.35313712,9352.39346741,9267.56114253,22700383838.5234,16147.0,34.092,0.174
2019-11-08,9272.75941894,8775.53408279,9265.36833744,8804.88071936,24333037836.1548,16463.0,35.753,0.17300000000000001
2019-11-09,8891.81831071,8793.16349154,8809.46919831,8813.58248677,17578630605.9219,13608.0,31.679000000000002,0.196
2019-11-10,9103.82584426,8806.16233361,8812.48953287,9055.52605732,20587919881.0251,13655.0,30.804000000000002,0.191
2019-11-11,9081.27928096,8700.60878725,9056.91770059,8757.78854226,20265510765.3146,17451.0,34.133,0.166
2019-11-12,8853.76817777,8685.42814321,8759.75190096,8815.66253925,20309769107.2552,16739.0,33.33,0.154
2019-11-13,8836.84179047,8761.6511216,8812.03362864,8808.2625823,17545755404.6043,17058.0,33.226,0.193
2019-11-14,8826.94365923,8692.55188007,8811.93633174,8708.09509517,19084739974.5708,18144.0,31.451,0.184
2019-11-15,8730.873426600001,8484.84418485,8705.70810061,8491.99201234,21796856471.0897,17028.0,32.121,0.162
2019-11-16,8591.99724097,8473.97406353,8491.16631667,8550.76055694,16495389808.4135,15041.0,30.064,0.17
2019-11-17,8727.78922661,8500.96788688,8549.47090893,8577.9757816,18668638896.6252,14539.0,29.508000000000003,0.182
2019-11-18,8653.28015751,8273.57288734,8573.98009164,8309.28598342,21579470673.406002,16505.0,33.119,0.146
2019-11-19,8408.51612757,8099.96336899,8305.13429095,8206.14591807,21083613815.9481,16874.0,35.321999999999996,0.185
2019-11-20,8237.23987375,8010.51190064,8203.61317991,8027.26824331,20764300436.8365,18338.0,33.116,0.155
2019-11-21,8110.09813105,7597.38160764,8023.64468729,7642.74994484,22514243371.4685,21597.0,40.238,0.16
2019-11-22,7697.38271398,6936.70659892,7643.56942455,7296.57756843,34242315784.8124,24404.0,47.611999999999995,0.149
2019-11-23,7442.25893278,7151.41781411,7296.16442479,7397.7968154,21008924417.7026,16543.0,37.509,0.149
2019-11-24,7408.57736944,7029.28912726,7398.63390574,7047.91688176,30433517289.4688,17253.0,35.289,0.124
2019-11-25,7319.85680403,6617.1670508,7039.97703454,7146.13390214,42685231261.741,22633.0,47.722,0.13
2019-11-26,7320.23035135,7098.57229752,7145.1590862,7218.37133433,21129505542.4938,25824.0,41.411,0.151
2019-11-27,7619.6935852,6974.17436987,7220.88064968,7531.663644600001,23991412764.1441,22517.0,39.614000000000004,0.151
2019-11-28,7730.07266616,7454.12179377,7536.82010358,7463.106128300001,19050116751.2687,16332.0,36.911,0.154
2019-11-29,7781.1796785,7460.75621581,7466.72728957,7761.24360172,19709695455.776,16670.0,34.049,0.142
2019-11-30,7836.10181158,7515.84946647,7764.05726187,7569.63012202,17158194786.41,16174.0,31.291999999999998,0.139
2019-12-01,7571.61619421,7291.34195468,7571.61619421,7424.29226516,18720708479.3486,15964.0,31.386,0.156
2019-12-02,7474.81886382,7233.39953789,7424.03619682,7321.98811242,17082040705.7805,16129.0,33.611999999999995,0.142
2019-12-03,7418.85890799,7229.35711475,7323.97540332,7320.1454684,14797485769.0999,16469.0,33.457,0.156
2019-12-04,7539.78474641,7170.92266087,7320.12506594,7252.03458617,21664240918.4506,16817.0,34.139,0.149
2019-12-05,7743.43172474,7232.67698855,7253.24189285,7448.30752084,18816085231.2983,17127.0,33.293,0.132
2019-12-06,7546.99669772,7392.17506274,7450.56165667,7546.99669772,18104466306.7688,15697.0,32.097,0.15
2019-12-07,7589.95176549,7525.71133898,7547.26544276,7556.23803387,15453520564.0591,13437.0,29.379,0.154
2019-12-08,7634.60664192,7476.09125491,7551.33900507,7564.345403200001,15409908086.2037,14176.0,28.076,0.138
2019-12-09,7618.09166983,7365.98519914,7561.79517117,7400.89935576,17872021272.3945,16592.0,30.956,0.146
2019-12-10,7424.02286377,7246.04375293,7397.13422776,7278.119783300001,18249031194.8933,15197.0,31.668000000000003,0.151
2019-12-11,7324.15640741,7195.52739606,7277.19769871,7217.427115199999,16350490689.2812,14324.0,32.027,0.138
2019-12-12,7266.639458399999,7164.7412448,7216.73886245,7243.13436273,18927080224.0183,16412.0,32.085,0.133
2019-12-13,7293.56066067,7227.12274448,7244.66223669,7269.68455922,17125736940.1692,16588.0,31.631999999999998,0.153
2019-12-14,7308.83632746,7097.20887996,7268.90271202,7124.67396997,17137029729.9478,14114.0,30.787,0.139
2019-12-15,7181.0755288,6924.37592187,7124.23952463,7152.30184412,16881129804.3008,14381.0,29.017,0.133
2019-12-16,7171.16870269,6903.68277313,7153.66322803,6932.48038982,20213265949.6212,18724.0,33.227,0.155
2019-12-17,6964.07495829,6587.97426228,6931.31521843,6640.51524608,22363804217.3446,19303.0,39.876999999999995,0.126
2019-12-18,7324.98487298,6540.04927709,6647.69846901,7276.80277047,31836522778.202003,22374.0,39.876,0.133
2019-12-19,7346.60239301,7041.3820190999995,7277.59099229,7202.84436364,25904604415.96,21588.0,37.598,0.149
2019-12-20,7257.92191888,7086.12400862,7208.63695894,7218.81638679,22633815180.0537,18959.0,33.843,0.14400000000000002
2019-12-21,7223.22627792,7112.73608254,7220.59355274,7191.15846913,19312552168.1143,16562.0,29.746,0.146
2019-12-22,7518.03306263,7167.17911959,7191.18870288,7511.58904232,23134537956.153,15978.0,30.221,0.138
2019-12-23,7656.17619127,7326.19251983,7508.90255573,7355.62826671,27831788041.2053,16906.0,35.677,0.133
2019-12-24,7535.71669352,7269.52874884,7354.39283808,7322.5324589,22991622105.4083,15959.0,31.494,0.142
2019-12-25,7357.01996276,7220.99109225,7325.75589098,7275.15572845,21559505148.8096,14984.0,30.878,0.13699999999999998
2019-12-26,7388.30253592,7200.38659835,7274.79942782,7238.96702501,22787010034.3503,15205.0,31.843000000000004,0.161
2019-12-27,7363.52923526,7189.93393524,7238.14118032,7290.08851803,22777360995.5688,14711.0,31.188000000000002,0.13699999999999998
2019-12-28,7399.04088941,7286.90517228,7289.0311303,7317.99003408,21365673026.1211,14765.0,30.579,0.145
2019-12-29,7513.94840873,7279.86546765,7317.64758783,7422.65258898,22445257701.742,13684.0,30.660999999999998,0.14400000000000002
2019-12-30,7454.82402731,7276.30814028,7420.27278806,7292.99507783,22874131671.9859,15568.0,30.921,0.152
2019-12-31,7335.2900508,7169.77768628,7294.4388956,7193.59897843,21167946112.2959,13500.0,28.975,0.135
2020-01-01,7254.33061134,7174.94415256,7194.89197053,7200.17439274,18565664996.7884,13987.0,30.015,0.154
2020-01-02,7212.15525252,6935.26997193,7202.55112207,6985.47000061,20802083465.3292,15920.0,33.97,0.111
2020-01-03,7413.71509934,6914.99590793,6984.428612299999,7344.88418341,28111481031.9377,19730.0,36.709,0.14400000000000002
2020-01-04,7427.38579435,7309.5140117,7345.37527527,7410.65656642,18444271274.7607,16357.0,34.039,0.14300000000000002
2020-01-05,7544.49687224,7400.5355609,7410.45169373,7411.31732676,19725074094.5446,16533.0,34.545,0.131
2020-01-06,7781.86718275,7409.29318246,7410.45216807,7769.21903905,23276261598.2482,16540.0,38.38,0.125
2020-01-07,8178.21587336,7768.22771944,7768.68189098,8163.69223944,28767291326.9703,20950.0,45.745,0.168
2020-01-08,8396.73788064,7956.77421957,8161.93547734,8079.86277673,31672559264.5185,20820.0,50.481,0.13
2020-01-09,8082.29607413,7842.403613400001,8082.29607413,7879.07152428,24045990465.6494,20500.0,39.571999999999996,0.158
2020-01-10,8166.55414039,7726.77498918,7878.30753815,8166.55414039,28714583843.7846,18266.0,39.234,0.141
2020-01-11,8218.3589373,8029.64210795,8162.191137899999,8037.53738872,25521165085.3714,15900.0,36.085,0.156
2020-01-12,8200.06347027,8009.058884100001,8033.26184596,8192.49400532,22903438381.3875,14383.0,33.05,0.14
2020-01-13,8197.78817891,8079.70074107,8189.77206362,8144.19451744,22482910687.9031,15305.0,34.669000000000004,0.14
2020-01-14,8879.51152651,8140.93309605,8140.93309605,8827.76442606,44841784107.1774,20772.0,49.448,0.16899999999999998
2020-01-15,8890.11741953,8657.18744654,8825.34368451,8807.01027532,40102834649.9655,18142.0,47.248000000000005,0.149
2020-01-16,8846.46109861,8612.09583682,8812.48149122,8723.78576573,31313981930.8235,18513.0,40.884,0.163
2020-01-17,8958.12195167,8677.316348299999,8725.20996387,8929.037677600001,36372139320.4446,17272.0,42.327,0.141
2020-01-18,9012.19810645,8827.33234474,8927.21225983,8942.80890321,32337772626.799,17651.0,38.571,0.14300000000000002
2020-01-19,9164.36225977,8620.0799932,8941.44574506,8706.24512993,34217320471.3994,20557.0,42.135,0.166
2020-01-20,8745.59079709,8560.47404294,8704.63181434,8657.64293942,26422375678.0529,18586.0,39.379,0.149
2020-01-21,8755.70629569,8544.52045256,8658.99118302,8745.89478833,24097418512.0058,19285.0,38.231,0.142
2020-01-22,8792.9938714,8636.747434899999,8744.21075075,8680.87604222,22600204050.5816,19401.0,36.010999999999996,0.16
2020-01-23,8687.74708842,8333.63787363,8680.65055954,8406.516067800001,25770680778.6907,18546.0,36.523,0.14300000000000002
2020-01-24,8514.66703526,8266.84057849,8405.56773288,8445.43428152,24397913025.6774,16643.0,35.051,0.139
2020-01-25,8458.45301525,8296.21900672,8440.11958702,8367.84777344,19647331548.6757,13919.0,31.559,0.15
2020-01-26,8602.40124618,8325.49808268,8364.41006958,8596.82983316,22177678795.56,14485.0,30.326,0.134
2020-01-27,8977.7269618,8597.30877926,8597.30877926,8909.81917753,28647338393.165,18223.0,36.39,0.13699999999999998
2020-01-28,9358.59031703,8908.44692853,8912.52433979,9358.59031703,34398744402.6914,20422.0,42.206,0.161
2020-01-29,9406.43179329,9269.46813861,9357.47037892,9316.62950445,30682598115.464,22062.0,44.183,0.163
2020-01-30,9553.12613251,9230.89727886,9316.01697842,9508.993594700001,32378792850.8777,18452.0,43.583,0.14800000000000002
2020-01-31,9521.70592625,9230.77618023,9508.31314184,9350.52936518,29432489719.1331,17685.0,40.656,0.153
2020-02-01,9439.323332,9313.2387904,9346.35762761,9392.87536841,25922656496.1848,15818.0,36.66,0.149
2020-02-02,9468.79761797,9217.82397728,9389.82059095,9344.36529292,30835736946.1066,75543.0,36.146,0.159
2020-02-03,9540.37173779,9248.63423233,9344.68367852,9293.52108908,30934096508.7388,32917.0,37.796,0.156
2020-02-04,9331.26581712,9112.8114171,9292.84190002,9180.962966500001,29893183716.0878,28537.0,38.834,0.14
2020-02-05,9701.30003735,9163.70413921,9183.41577743,9613.42428895,35222060874.4553,34975.0,41.426,0.168
2020-02-06,9824.61926061,9539.818085100002,9617.821044799999,9729.80223149,37628823715.5135,30260.0,43.772,0.14300000000000002
2020-02-07,9834.71678972,9726.00315742,9726.00315742,9795.94377253,34522718159.4693,25577.0,42.782,0.166
2020-02-08,9876.74934121,9678.90979138,9793.07042002,9865.11946905,35172043761.8284,22495.0,38.978,0.161
2020-02-09,10129.435160299998,9850.39221314,9863.89488145,10116.673759000001,35807884663.4158,38674.0,51.345,0.184
2020-02-10,10165.765355,9784.563801999999,10115.559686,9856.61149362,39386548074.7018,27170.0,46.045,0.136
2020-02-11,10210.0526411,9729.33489054,9855.89170857,10208.2362609,37648059388.6878,28117.0,47.867,0.184
2020-02-12,10393.611722700001,10202.3876541,10202.3876541,10326.0545246,43444303830.2328,28341.0,52.229,0.16699999999999998
2020-02-13,10457.6271997,10116.1614999,10323.960493200002,10214.3794638,49356071372.9288,26869.0,48.183,0.174
2020-02-14,10321.995797299998,10125.533790700001,10211.5503892,10312.1160909,43338264161.5617,25754.0,42.563,0.15
2020-02-15,10341.5559017,9874.4275077,10313.8568369,9889.42462838,43865054831.0045,23918.0,41.677,0.17800000000000002
2020-02-16,10053.969009100001,9722.38715745,9889.17970534,9934.43339025,43374780305.4408,23996.0,41.107,0.163
2020-02-17,9938.815779999999,9507.63799409,9936.56026014,9690.14261814,45998298412.6028,25279.0,42.457,0.17
2020-02-18,10161.935314100001,9632.38276334,9691.23094489,10141.9963705,47271023953.4278,29623.0,42.607,0.155
2020-02-19,10191.6758471,9611.22354001,10143.798356799998,9633.38688518,46992019709.9208,31627.0,44.633,0.161
2020-02-20,9643.21673144,9507.90006137,9629.32531033,9608.47590343,44925260236.83099,26789.0,44.287,0.154
2020-02-21,9723.01498512,9589.74360064,9611.78201954,9686.44119763,40930547512.6559,23685.0,40.54,0.16399999999999998
2020-02-22,9698.23112312,9600.72878571,9687.70676008,9663.18182933,35838025154.2608,24088.0,34.804,0.158
2020-02-23,9937.40410608,9657.79114467,9663.31864201,9924.51522822,41185185761.491,25803.0,35.946,0.16399999999999998
2020-02-24,9951.74614899,9537.04322252,9921.58346055,9650.17480677,45080496648.3463,28829.0,42.144,0.158
2020-02-25,9652.73686506,9305.02118582,9651.31279866,9341.70516876,42515259129.2118,27251.0,42.269,0.153
2020-02-26,9354.77831023,8704.4265506,9338.29028024,8820.52220005,50420050761.9225,27388.0,46.343999999999994,0.147
2020-02-27,8932.89304727,8577.19930942,8825.09351775,8784.49384867,45470195695.0864,25882.0,45.746,0.147
2020-02-28,8890.45600513,8492.93215312,8788.72854689,8672.45534996,44605450442.7398,25289.0,47.163999999999994,0.14800000000000002
2020-02-29,8775.63201232,8599.50861972,8671.21254207,8599.50861972,35792392544.0102,22884.0,37.635999999999996,0.129
2020-03-01,8726.79676016,8471.21262606,8599.7583441,8562.45405008,35349164300.1413,22847.0,36.918,0.158
2020-03-02,8921.30839546,8532.63094465,8563.26425933,8869.67031078,42857674408.8765,25876.0,40.162,0.133
2020-03-03,8901.59868323,8704.99029396,8865.38796487,8787.78645576,42386715820.5577,25782.0,38.888000000000005,0.145
2020-03-04,8843.36574975,8712.43181192,8788.54218625,8755.24589461,34746706368.1467,27221.0,41.156000000000006,0.151
2020-03-05,9142.05429624,8757.25403405,8760.28504049,9078.76279174,39698054597.4259,26232.0,42.273,0.14
2020-03-06,9167.69579623,9032.07958273,9078.30852906,9122.54557333,40826885650.9438,22285.0,40.093,0.152
2020-03-07,9163.22109566,8890.74417157,9121.60053553,8909.9536515,36216930369.6665,19205.0,35.826,0.147
2020-03-08,8914.34415498,8105.25280434,8908.20601509,8108.11629101,39973102120.5682,19627.0,39.409,0.13699999999999998
2020-03-09,8177.79322362,7690.09818591,8111.14639164,7923.6447033,46936995808.1849,31167.0,67.562,0.126
2020-03-10,8136.9452227,7814.76324378,7922.147041600001,7909.72939346,42213940993.6104,24544.0,52.043,0.113
2020-03-11,7950.81435628,7642.81243049,7910.08980669,7911.43012933,38682762604.6366,23550.0,45.001999999999995,0.111
2020-03-12,7929.11601884,4860.35383012,7913.61638784,4970.78790105,53980357243.0501,44735.0,94.70100000000001,0.12
2020-03-13,5838.11493749,4106.98075029,5017.83083939,5563.70689169,74156772074.9603,43020.0,127.97399999999999,0.0787
2020-03-14,5625.22650517,5125.06934725,5573.07764952,5200.36626392,36154506007.5848,22922.0,82.12799999999999,0.0805
2020-03-15,5836.64500618,5169.28339052,5201.06668673,5392.31488002,33997889638.762,22102.0,70.61,0.0849
2020-03-16,5385.22952159,4575.35788665,5385.22952159,5014.47997748,45368026429.6205,27432.0,91.333,0.0777
2020-03-17,5371.34851644,4981.90941273,5002.5781383,5225.62919259,38622642935.2466,26159.0,75.92399999999999,0.0878
2020-03-18,5331.83385967,5069.336151899999,5227.1136885,5238.43857664,37878801016.3368,26644.0,69.99600000000001,0.0693
2020-03-19,6329.73594838,5236.96875288,5245.416603199999,6191.19295222,51000731797.4328,29033.0,76.654,0.0901
2020-03-20,6844.26152806,5865.78196437,6191.65372133,6198.77820508,54442976102.5119,28150.0,75.283,0.107
2020-03-21,6378.13517055,5932.82338618,6206.52165025,6185.06651501,42494390879.6104,25403.0,64.485,0.0999
2020-03-22,6359.69729033,5823.71407014,6185.55790292,5830.25479765,40099664740.0619,27844.0,57.571000000000005,0.0939
2020-03-23,6443.93454693,5785.00445322,5831.37473534,6416.31475839,46491915999.7158,28657.0,62.021,0.0972
2020-03-24,6789.02272423,6411.06651215,6436.64245088,6734.80378045,48221910672.248,31076.0,62.766999999999996,0.10800000000000001
2020-03-25,6892.51135949,6536.92618369,6738.71663989,6681.06312656,44590107887.9421,26878.0,55.613,0.0871
2020-03-26,6735.4638794,6590.96271561,6675.17065538,6716.44054866,35319797641.53,24772.0,52.43899999999999,0.152
2020-03-27,6793.83619652,6466.70180578,6719.38897407,6469.79813509,34585598366.5512,24128.0,49.728,0.11800000000000001
2020-03-28,6467.501165,6117.83774851,6467.25404592,6242.1938684,34885225901.0064,20983.0,51.368,0.10300000000000001
2020-03-29,6250.46730894,5920.08601757,6245.62462695,5922.0431227,28373690930.5441,22187.0,49.632,0.121
2020-03-30,6517.19578925,5903.23434726,5925.53848884,6429.84193389,37101651525.2979,24425.0,50.126999999999995,0.113
2020-03-31,6504.51532416,6374.16217148,6430.60652809,6438.64476637,32786468812.0812,24944.0,45.496,0.12300000000000001
2020-04-01,6612.57379089,6202.37351173,6437.31921486,6606.77626829,40346426265.7324,27700.0,47.256,0.114
2020-04-02,7088.24732438,6595.91827654,6606.77626829,6793.62459642,47660646124.4133,29947.0,51.773999999999994,0.12300000000000001
2020-04-03,7003.22078432,6673.33575767,6797.39659183,6733.3873906,38976504902.967995,33185.0,49.148999999999994,0.114
2020-04-04,6878.95351761,6696.48466818,6738.38301967,6867.52731596,33185988583.8042,28502.0,44.666000000000004,0.138
2020-04-05,6883.41414332,6715.9292996,6862.53782636,6791.12944093,29510409856.1053,25533.0,44.551,0.131
2020-04-06,7271.781152699999,6782.88974461,6788.04980287,7271.781152699999,46896904614.9285,32118.0,52.402,0.105
2020-04-07,7427.93933989,7136.71418613,7273.64421075,7176.41450049,44243482667.8499,32171.0,53.456,0.14800000000000002
2020-04-08,7356.22386412,7153.30567428,7179.28341821,7334.09845346,37563249548.9382,30033.0,48.441,0.12
2020-04-09,7341.44831412,7179.0943407,7337.9661825,7302.089510500001,34815139177.5936,29133.0,47.205,0.13
2020-04-10,7303.81519824,6802.47496589,7303.81519824,6865.49337195,43622840991.71,28128.0,50.983000000000004,0.12300000000000001
2020-04-11,6926.0696338,6789.920702399999,6867.440451899999,6859.08296343,31222085946.2734,22432.0,45.082,0.11599999999999999
2020-04-12,7119.94706176,6811.07790015,6858.06802459,6971.09159108,35759567632.2851,23749.0,45.316,0.114
2020-04-13,6965.61663772,6668.25976411,6965.61663772,6845.03769683,38619308647.4394,26814.0,48.813,0.126
2020-04-14,6958.55722441,6793.82120931,6843.28177662,6842.42786097,34110434051.8629,31671.0,46.552,0.113
2020-04-15,6928.66436972,6633.40269245,6845.56171696,6642.10989286,32288311030.7598,28889.0,45.99,0.122
2020-04-16,7134.45052778,6555.50427487,6640.45388894,7116.80421777,46783242376.7001,30583.0,49.156000000000006,0.11199999999999999
2020-04-17,7167.18298759,7050.33182989,7116.55260865,7096.18465879,32513423567.4314,28790.0,44.943999999999996,0.111
2020-04-18,7269.95653094,7089.24716763,7092.29152293,7257.66485847,32447188385.9262,25279.0,44.827,0.136
2020-04-19,7280.52178187,7167.05456229,7260.92257873,7189.42482356,31311210215.3203,25819.0,44.137,0.121
2020-04-20,7240.29059686,6835.50314462,7186.8737411,6881.95869275,37747113935.8454,34822.0,45.281000000000006,0.125
2020-04-21,6934.55187057,6834.44232463,6879.78434985,6880.32347375,32589741510.7266,32492.0,46.092,0.109
2020-04-22,7145.86574462,6867.78168929,6879.44029975,7117.20747869,33249153865.7605,30981.0,44.661,0.0962
2020-04-23,7491.78492971,7081.594628100001,7121.30605911,7429.72464927,43500782316.0712,35498.0,49.25,0.128
2020-04-24,7574.19602617,7434.18155636,7434.18155636,7550.90102725,34636526285.7972,32567.0,50.523999999999994,0.11900000000000001
2020-04-25,7641.36397705,7521.67241878,7550.48301195,7569.93603405,32941541446.9347,33355.0,49.288000000000004,0.125
2020-04-26,7700.59429483,7561.40785333,7570.13893823,7679.86720422,33070154490.749,33495.0,49.343,0.11599999999999999
2020-04-27,7795.60083451,7679.41895085,7679.41895085,7795.60083451,36162144724.7077,39379.0,50.303000000000004,0.125
2020-04-28,7814.52714133,7730.80654225,7796.97044056,7807.05845106,33187959920.9249,41546.0,49.153,0.127
2020-04-29,8871.75372738,7786.04929564,7806.71256355,8801.03776688,60201052202.5403,48269.0,68.683,0.128
2020-04-30,9440.65067326,8533.25593295,8797.67005044,8658.55417975,66964629541.3087,50532.0,79.37899999999999,0.154
2020-05-01,9048.02383263,8667.76321655,8672.7819143,8864.76680793,44068389996.9374,40443.0,63.085,0.14800000000000002
2020-05-02,9007.18780321,8811.36632956,8869.05761887,8988.5962069,40134388683.2271,42783.0,58.492,0.14
2020-05-03,9167.7813443,8830.97125528,8983.61414879,8897.46850985,47101785174.2562,43879.0,59.64,0.15
2020-05-04,8956.90651911,8645.02412633,8895.74487399,8912.65460539,45718796275.5495,43373.0,57.63399999999999,0.141
2020-05-05,9062.41456364,8856.82715528,8912.832160299999,9003.07017834,43148462663.1671,50889.0,56.57899999999999,0.14800000000000002
2020-05-06,9411.46787039,8966.70598977,9007.44125582,9268.76208066,49371886931.4799,55866.0,65.118,0.14
2020-05-07,9992.66392105,9138.32257195,9261.89505826,9951.5187451,61112700562.079,59654.0,77.727,0.157
2020-05-08,9996.74335304,9767.17307027,9936.16248196,9842.66636785,51780748041.9506,53749.0,86.516,0.155
2020-05-09,9913.86299284,9580.64449235,9840.90638396,9593.89673363,46566121841.1111,42273.0,75.895,0.161
2020-05-10,9595.58062909,8395.10745112,9591.16923131,8756.43114193,63325279336.9553,41923.0,98.13600000000001,0.152
2020-05-11,9033.47117613,8374.32297508,8755.535638899999,8601.79620238,57119858801.9446,82838.0,114.652,0.12
2020-05-12,8949.89797874,8569.64398804,8610.38621232,8804.47781074,42142717533.1676,60453.0,85.01700000000001,0.0761
2020-05-13,9317.87855411,8805.38781338,8805.38781338,9269.98770576,45558144023.0156,46507.0,70.908,0.0742
2020-05-14,9793.26820869,9255.03484619,9271.32863776,9733.72147137,56426907637.2912,48588.0,71.429,0.0937
2020-05-15,9755.82849814,9261.3979997,9734.29077525,9328.19722645,48158802327.3442,38102.0,62.76,0.0881
2020-05-16,9564.20498908,9260.69416318,9333.23987276,9377.014025700002,36164766407.6309,40293.0,57.232,0.0816
2020-05-17,9823.0022878,9349.546071100001,9374.92998661,9670.73937122,40084250662.9587,33797.0,59.115,0.0829
2020-05-18,9906.03020325,9570.35898532,9675.69498013,9726.5748149,41827139895.6194,38987.0,58.95,0.0951
2020-05-19,9836.04752405,9539.62405543,9727.06360375,9729.0379192,39254288954.9774,31927.0,53.9,0.0949
2020-05-20,9804.79388786,9447.20154126,9725.32936525,9522.98115678,36546239702.5477,33468.0,54.153999999999996,0.10099999999999999
2020-05-21,9555.24217533,8869.93110855,9522.74008319,9081.76202252,39326160532.4299,36198.0,57.513000000000005,0.10099999999999999
2020-05-22,9232.93609283,9008.63827133,9080.33473763,9182.57751787,29810773699.2271,46283.0,52.563,0.0832
2020-05-23,9302.50164919,9118.10885548,9185.06272737,9209.28742769,27727866811.6695,27771.0,46.615,0.0934
2020-05-24,9288.40401564,8787.251001999999,9212.28340427,8790.36800074,32518803299.5833,30235.0,48.623000000000005,0.078
2020-05-25,8951.00563809,8719.66836224,8786.10769511,8906.93476142,31288157264.1934,34450.0,53.184,0.0846
2020-05-26,8991.9676255,8757.29380384,8909.58607327,8835.05306073,29584186947.0227,30190.0,49.349,0.0861
2020-05-27,9203.32051535,8834.15742919,8837.381212799999,9181.01794762,32740536902.3266,34046.0,47.745,0.085
2020-05-28,9546.31960175,9148.45714843,9184.94499772,9525.751094700001,34367073114.464,38537.0,47.352,0.0828
2020-05-29,9573.66681733,9379.33894613,9528.35562913,9439.12439045,32896642044.2639,34052.0,46.523,0.0819
2020-05-30,9704.03030928,9366.72941775,9438.91400926,9700.41407169,32722975141.2035,29372.0,44.373000000000005,0.0944
2020-05-31,9700.34389507,9432.29679512,9700.10569689,9461.05891806,27773290298.5099,28806.0,44.115,0.0818
2020-06-01,10199.5649719,9450.89911148,9463.605662200001,10167.268101200001,35198901068.3888,34801.0,44.536,0.0892
2020-06-02,10182.3407084,9460.57137098,10162.9731448,9529.80414872,39137252108.6748,48257.0,61.688,0.0848
2020-06-03,9682.85947041,9471.84640611,9533.76049336,9656.71776526,25007459262.1552,32772.0,48.434,0.0904
2020-06-04,9887.6106294,9525.24667912,9655.85445253,9800.63659532,25921805071.9826,33808.0,46.43,0.0908
2020-06-05,9869.2369055,9663.21633712,9800.21547674,9665.53278908,23509628646.2021,31415.0,45.043,0.10099999999999999
2020-06-06,9773.43201601,9591.02453467,9664.90477464,9653.67926335,20438419222.3341,26066.0,41.29,0.0966
2020-06-07,9768.49790176,9458.1504702,9653.00332503,9758.8524174,25015250845.6586,26035.0,43.126000000000005,0.0778
2020-06-08,9782.30649673,9675.88590718,9760.0632524,9771.48948366,21486346311.9064,30802.0,42.746,0.098
2020-06-09,9836.36896869,9664.72013333,9774.35993635,9795.70019463,23717842782.9821,33586.0,43.015,0.0906
2020-06-10,9908.89655918,9728.29114041,9794.11951106,9870.09445278,25706567600.5701,35740.0,44.013999999999996,0.0894
2020-06-11,9938.29767389,9263.06958826,9870.07852908,9321.78129819,30247143440.179,34444.0,48.038999999999994,0.10300000000000001
2020-06-12,9540.46539289,9285.85140439,9320.69085457,9480.84378943,22610564515.3124,34530.0,43.606,0.084
2020-06-13,9493.21171489,9396.00939365,9480.73574979,9475.27733834,17564322315.198,30524.0,40.009,0.0806
2020-06-14,9482.27093599,9347.59379317,9477.55403706,9386.78789214,18991732745.507,24592.0,39.614000000000004,0.0938
2020-06-15,9504.86006526,8990.175946700001,9386.03529073,9450.70198692,26699704768.4568,28560.0,44.356,0.0781
2020-06-16,9579.43037458,9400.44500832,9454.26643056,9538.0243743,21565537208.8567,28992.0,42.183,0.0881
2020-06-17,9540.42327076,9327.33958675,9533.78375101,9480.25536624,20177709879.1518,23559.0,40.0,0.0836
2020-06-18,9482.78198635,9328.39559548,9481.56706237,9411.84046197,17770083002.7017,23904.0,39.83,0.0685
2020-06-19,9440.87603373,9274.29612136,9410.29434848,9288.01871603,19632223107.3844,29522.0,37.592,0.0873
2020-06-20,9394.97159448,9247.37967261,9290.96027975,9332.340762,17130541557.3081,26154.0,36.604,0.0755
2020-06-21,9401.10749682,9300.43050848,9330.9264778,9303.62971409,15324301168.8293,26333.0,34.746,0.0788
2020-06-22,9655.07321812,9296.87166573,9300.91545819,9648.71760979,21104009513.9664,33399.0,40.13,0.0745
2020-06-23,9670.54076171,9547.24708412,9644.07594221,9629.65836578,17006433272.0405,34373.0,41.266999999999996,0.0878
2020-06-24,9680.36714624,9278.23354695,9632.14957943,9313.61034868,18961716075.6046,32446.0,39.895,0.0734
2020-06-25,9340.16150568,9095.32457939,9314.12688901,9264.81304308,18616048626.1063,31154.0,39.61,0.0755
2020-06-26,9310.51638223,9101.73845201,9260.99499378,9162.91760386,18341465836.5998,30758.0,38.821,0.0862
2020-06-27,9207.81098342,8998.21670066,9167.82427849,9045.39095672,17273093144.4037,28444.0,38.591,0.0661
2020-06-28,9197.54701677,8975.52585473,9048.46083712,9143.58219104,14560870760.2209,28965.0,40.277,0.0751
2020-06-29,9237.57275525,9041.87625573,9140.02907078,9190.85446467,16460547078.0368,32380.0,38.495,0.0754
2020-06-30,9217.83601269,9084.83749244,9185.58126105,9137.99340026,15735797743.9923,28895.0,39.109,0.0716
2020-07-01,9309.75486362,9104.73487906,9145.98505502,9228.32559024,15971550355.2327,26910.0,38.131,0.0862
2020-07-02,9274.96292273,9036.623494299998,9231.13965322,9123.41015432,16338916796.0184,26683.0,37.872,0.0759
2020-07-03,9202.34438443,9058.79478198,9124.84264611,9087.30391103,13078970998.6402,25726.0,37.411,0.0783
2020-07-04,9183.29558274,9053.62967104,9084.23373428,9132.48795051,12290528515.106,24368.0,35.723,0.0712
2020-07-05,9162.18323157,8977.01563525,9126.090803000001,9073.94286936,12903406143.3498,20039.0,35.716,0.0775
2020-07-06,9375.47475925,9058.6644583,9072.85007426,9375.47475925,17889263251.9634,27694.0,37.830999999999996,0.0754
2020-07-07,9360.61757468,9201.81538154,9349.16137441,9252.27750386,13839652594.6508,22547.0,37.446999999999996,0.07400000000000001
2020-07-08,9450.33567174,9249.49994806,9253.02015436,9428.333084799999,19702359882.8975,22723.0,38.951,0.0785
2020-07-09,9431.37858131,9234.99945975,9427.99387728,9277.96790642,18000702524.1277,24645.0,38.551,0.0806
2020-07-10,9287.47159361,9118.00240742,9273.35699507,9278.807867200001,16860035604.803999,24965.0,37.599000000000004,0.0762
2020-07-11,9293.53268075,9199.48551044,9277.51196283,9240.34632654,13249910444.0746,22288.0,34.74,0.0761
2020-07-12,9319.41941671,9197.4503198,9241.0550437,9276.49985018,14452361906.8128,19664.0,35.052,0.0785
2020-07-13,9306.40492983,9224.29284137,9277.204660100002,9243.61385509,17519821266.4821,25309.0,36.787,0.0662
2020-07-14,9283.84214229,9171.66111846,9238.7032275,9243.21341642,18085038362.4529,35940.0,38.97,0.0761
2020-07-15,9275.32512547,9171.93355443,9241.89699957,9192.83736784,15844731575.2007,54174.0,44.358999999999995,0.0646
2020-07-16,9214.31269823,9088.94740241,9191.980233600001,9132.22786293,15713967522.661999,56131.0,52.875,0.0723
2020-07-17,9182.25430793,9089.20245471,9131.8121414,9151.39223963,13944570749.4994,24865.0,41.07,0.0692
2020-07-18,9230.98350533,9100.82441002,9151.18404834,9159.03990531,12252601474.7851,,56.294,0.0774
2020-07-19,9201.39848305,9097.63308598,9158.00603543,9185.81691242,12939002784.0054,18893.0,36.586999999999996,0.0706
2020-07-20,9214.27062879,9137.50962153,9187.22037014,9164.231364700001,13755604145.7171,24912.0,34.451,0.07200000000000001
2020-07-21,9407.26305599,9149.3899187,9162.51448207,9374.88752808,18069581955.5535,27374.0,38.189,0.0724
2020-07-22,9530.5190089,9319.65339503,9375.08046428,9525.36344997,16532254884.4441,25069.0,38.561,0.0861
2020-07-23,9610.24712467,9483.00401906,9527.14199636,9581.07201141,18146399001.7048,27632.0,41.228,0.0798
2020-07-24,9623.33703153,9481.45392527,9585.51480236,9536.89268563,16552768324.6558,27407.0,40.601,0.0861
2020-07-25,9704.55701308,9530.21219614,9539.48551544,9677.11349729,16610070932.7937,27808.0,42.409,0.0674
2020-07-26,10023.807661,9652.84720642,9680.23483128,9905.16724705,20507998996.6863,30432.0,49.968999999999994,0.0811
2020-07-27,11298.2217576,9903.97011125,9905.21791377,10990.873399799999,35359749590.1205,51139.0,72.301,0.0812
2020-07-28,11204.327602,10632.6317033,11017.463847600002,10912.8230505,28766551141.779,45495.0,75.17,0.0983
2020-07-29,11304.3970694,10856.1413409,10912.9529611,11100.4681253,24617249714.5052,33785.0,61.73,0.0951
2020-07-30,11169.3566691,10895.4554062,11099.8328914,11111.2142899,22857247900.667004,32625.0,55.233999999999995,0.0961
2020-07-31,11415.8638958,10987.0535485,11110.2109424,11323.4664207,23160469766.3921,30055.0,55.727,0.109
2020-08-01,11794.7753933,11239.6827355,11322.570500799999,11759.592770700001,26075670302.7985,39913.0,67.237,0.0947
2020-08-02,12034.1441504,11018.1300423,11758.7646653,11053.613901,27410067336.0208,33109.0,70.097,0.0958
2020-08-03,11453.078722499999,11012.414739799999,11043.7688847,11246.3487749,20271713443.2596,29874.0,59.034,0.10300000000000001
2020-08-04,11385.3815713,11094.1453896,11246.2032469,11205.892917899999,21250197042.2032,29318.0,53.183,0.0867
2020-08-05,11786.6168994,11158.285194499998,11203.8230991,11747.0228312,24411254471.1224,38033.0,55.401,0.092
2020-08-06,11902.3359717,11598.7138024,11749.871332100001,11779.7732574,23400740340.1344,38775.0,58.528999999999996,0.11599999999999999
2020-08-07,11898.0384141,11408.5940427,11778.8942824,11601.4727146,23132312867.154,37514.0,54.507,0.09699999999999999
2020-08-08,11800.0648506,11558.4316317,11604.553347600002,11754.0458135,17572057837.4054,29019.0,50.833,0.0918
2020-08-09,11806.0562765,11548.7844464,11737.325234200001,11675.7393433,17489608833.2939,25986.0,49.958,0.0979
2020-08-10,12045.140317799998,11662.2569338,11662.2569338,11878.111325299998,26114112569.4156,35606.0,55.928000000000004,0.0978
2020-08-11,11932.711173799999,11195.7092716,11881.64754,11410.5256775,27039782639.9113,33567.0,54.347,0.10400000000000001
2020-08-12,11748.3964937,11249.6054441,11404.5968775,11584.934576200001,25064548486.4884,35237.0,48.922,0.0976
2020-08-13,11796.3961941,11216.872539799999,11588.4055125,11784.1373895,27522199497.2324,30485.0,48.026,0.0884
2020-08-14,12150.9936677,11685.4554805,11772.6593859,11768.870619299998,24237958589.0645,38124.0,48.371,0.10400000000000001
2020-08-15,11963.203064899999,11768.697144299998,11768.697144299998,11865.69857,23354924400.3362,39156.0,47.551,0.0904
2020-08-16,11934.900915100001,11737.1885988,11866.6855801,11892.8040631,20583375490.1685,29007.0,47.118,0.0895
2020-08-17,12359.0570221,11806.6958823,11895.6577737,12254.401908299998,28227687026.7691,40655.0,56.299,0.0887
2020-08-18,12335.7070704,11954.5257491,12251.8959698,11991.2332456,26043227671.8792,38262.0,53.568000000000005,0.114
2020-08-19,12028.923444299999,11687.332830500001,11990.8847804,11758.2835921,24502851117.2582,36164.0,50.503,0.10400000000000001
2020-08-20,11900.4111753,11710.063372600001,11761.499735,11878.371621100001,20175242944.6744,33256.0,46.181999999999995,0.0989
2020-08-21,11899.2593199,11564.9793191,11878.026439,11592.4890449,23762425998.9504,34177.0,46.461999999999996,0.10099999999999999
2020-08-22,11689.4073895,11448.8060449,11585.477534200001,11681.8255623,20224191305.9585,27846.0,43.095,0.0923
2020-08-23,11713.4297949,11559.9212608,11679.695958700002,11664.8479948,18482062657.8012,28557.0,41.36,0.0962
2020-08-24,11807.632316399999,11623.2504376,11663.689552299998,11774.5958414,20681511754.5735,32820.0,42.937,0.0901
2020-08-25,11778.299895299999,11189.8510492,11773.58935,11366.1350817,26301509931.9274,36405.0,44.891000000000005,0.0823
2020-08-26,11530.0530661,11296.993373000001,11366.894932899999,11488.3634896,22466660957.6266,31857.0,42.291000000000004,0.0934
2020-08-27,11570.7863091,11185.9418123,11485.6083964,11323.3970324,23240415075.9787,32432.0,41.518,0.0945
2020-08-28,11545.6154059,11316.422439700002,11325.2956031,11542.4997333,19807127587.5076,34517.0,41.056000000000004,0.0999
2020-08-29,11585.6406794,11466.2933646,11541.054325399999,11506.8653177,17485597759.1377,26986.0,37.922,0.0803
2020-08-30,11715.2648492,11492.381773000001,11508.7139745,11711.506161,19760127944.6617,27893.0,38.403,0.0866
2020-08-31,11768.8767439,11598.3184963,11713.306271899999,11680.8204905,22285928250.3117,29068.0,39.688,0.0939
2020-09-01,12067.081288700001,11601.128611299999,11679.316663700001,11970.4787405,27311555343.111,35393.0,43.226000000000006,0.10300000000000001
2020-09-02,11964.8228043,11290.794264700002,11964.8228043,11414.0337325,28037405298.8447,32608.0,46.275,0.0884
2020-09-03,11443.0227947,10182.4650856,11407.191077200001,10245.296686,31927261554.7735,37151.0,49.728,0.0906
2020-09-04,10663.9200452,10207.9402189,10230.3651615,10511.813880700001,29965130373.7473,34973.0,51.803000000000004,0.0863
2020-09-05,10581.5714107,9946.67532811,10512.530195399999,10169.567221,44916565291.5468,28115.0,47.695,0.0878
2020-09-06,10353.928072,10056.8857496,10167.2167634,10280.3517032,37071460174.4703,23088.0,44.198,0.0789
2020-09-07,10399.1534283,9916.49293063,10280.9976217,10369.5637386,33703098409.3065,30832.0,43.951,0.0898
2020-09-08,10414.775208399999,9945.11015892,10369.306968500001,10131.5166457,33430927462.2299,28540.0,43.1,0.073
2020-09-09,10350.5427324,10017.2510729,10134.151506100001,10242.347780299999,24128292754.8478,30051.0,40.81,0.0748
2020-09-10,10503.912526200002,10238.1358906,10242.3301347,10363.1390401,54406443210.5135,29885.0,39.785,0.0938
2020-09-11,10434.9225461,10140.836685799999,10369.0283892,10400.914685400001,45201121774.7768,30008.0,38.103,0.0751
2020-09-12,10578.8382504,10292.3865099,10409.8617874,10442.1706031,36750077323.5385,27451.0,35.711,0.0857
2020-09-13,10577.215241299999,10224.3299006,10452.3990309,10323.7557975,36506852789.3039,27955.0,36.396,0.0732
2020-09-14,10800.0110604,10266.008770999999,10328.734111599999,10680.837432799999,35453581939.7213,29947.0,37.744,0.0865
2020-09-15,10938.6320402,10656.4603435,10677.7548513,10796.9509861,32509451925.0468,34641.0,39.944,0.0822
2020-09-16,11100.1243423,10704.8843495,10797.762018700001,10974.9048915,30769986454.5301,35407.0,39.491,0.0824
2020-09-17,11037.4211271,10774.6276667,10973.2522347,10948.989915200002,38151810523.0524,33417.0,38.218,0.0898
2020-09-18,11034.908069,10829.6568158,10951.8200208,10944.5858045,26341903912.3861,31357.0,36.661,0.0802
2020-09-19,11134.0927157,10909.6183675,10933.7526485,11094.346276100001,22764204007.5724,29151.0,34.805,0.081
2020-09-20,11095.8697916,10814.4770514,11095.8697916,10938.2712894,24699523787.7245,26571.0,35.097,0.0734
2020-09-21,10988.304783,10380.2607189,10934.9255349,10462.2596185,28884999243.6721,32418.0,37.702,0.0714
2020-09-22,10568.0767512,10382.7262965,10459.624508399998,10538.4603213,23621787803.579,38132.0,36.048,0.0713
2020-09-23,10537.82809054,10197.86492469,10535.49244237,10246.18649281,23788661866.987087,47367.0,35.313,0.0833
2020-09-24,10771.05620224,10231.49011991,10248.78655955,10760.06625677,47144380901.6858,37643.0,35.154,0.0688
2020-09-25,10777.69586388,10578.91424754,10761.10978907,10692.71721234,39348590957.36073,38495.0,35.045,0.0819
2020-09-26,10772.99865956,10667.28093407,10695.57508179,10750.72357903,46852525492.62939,25955.0,32.653,0.07200000000000001
2020-09-27,10803.97608005,10622.92175798,10746.89275768,10775.26937624,53745972818.151115,37113.0,31.622,0.0713
2020-09-28,10945.34790707,10703.89325099,10776.6136391,10709.65218175,47762394730.65361,34219.0,34.659,0.0657
